Timestamp,Station ID,Dry Bulb Temp,Wet Bulb Temp,Relative Humidity,Pressure(IMU),Pressure (hPa)
2026-09-24 06:00:00 UTC,AWS-01,28.54,23.96,65.90,101463.1,1014.64
2026-09-24 06:00:02 UTC,AWS-01,28.51,23.87,66.30,101461.8,1014.62
2026-09-24 06:00:04 UTC,AWS-01,28.53,24.03,66.25,101463.6,1014.63
2026-09-24 06:00:06 UTC,AWS-01,28.68,24.13,66.00,101472.7,1014.72
2026-09-24 06:00:08 UTC,AWS-01,28.44,23.81,65.88,101476.1,1014.77
2026-09-24 06:00:10 UTC,AWS-01,28.50,24.01,65.91,101458.9,1014.58
2026-09-24 06:00:12 UTC,AWS-01,28.56,23.94,65.59,101457.3,1014.58
2026-09-24 06:00:14 UTC,AWS-01,28.46,23.90,66.20,101474.4,1014.74
2026-09-24 06:00:16 UTC,AWS-01,28.50,24.14,66.00,101462.5,1014.63
2026-09-24 06:00:18 UTC,AWS-01,28.66,24.22,66.15,101481.0,1014.81
2026-09-24 06:00:20 UTC,AWS-01,28.73,24.20,65.80,101479.9,1014.79
2026-09-24 06:00:22 UTC,AWS-01,28.71,24.24,65.92,101482.6,1014.83
2026-09-24 06:00:24 UTC,AWS-01,28.60,23.98,65.94,101464.5,1014.65
2026-09-24 06:00:26 UTC,AWS-01,28.67,24.12,65.48,101465.1,1014.66
2026-09-24 06:00:28 UTC,AWS-01,28.60,24.14,65.44,101469.6,1014.69
2026-09-24 06:00:30 UTC,AWS-01,28.49,24.06,65.77,101455.7,1014.55
2026-09-24 06:00:32 UTC,AWS-01,28.72,24.17,65.37,101466.9,1014.67
2026-09-24 06:00:34 UTC,AWS-01,28.53,24.09,65.65,101478.8,1014.79
2026-09-24 06:00:36 UTC,AWS-01,28.85,24.43,65.49,101467.3,1014.67
2026-09-24 06:00:38 UTC,AWS-01,28.61,23.98,65.27,101465.6,1014.66
2026-09-24 06:00:40 UTC,AWS-01,28.75,24.14,65.37,101477.8,1014.77
2026-09-24 06:00:42 UTC,AWS-01,28.67,24.18,65.11,101477.3,1014.78
2026-09-24 06:00:44 UTC,AWS-01,28.71,24.32,65.61,101463.3,1014.64
2026-09-24 06:00:46 UTC,AWS-01,28.86,24.44,65.66,101478.3,1014.78
2026-09-24 06:00:48 UTC,AWS-01,28.63,24.28,65.43,101456.7,1014.57
2026-09-24 06:00:50 UTC,AWS-01,28.76,24.33,65.60,101460.2,1014.60
2026-09-24 06:00:52 UTC,AWS-01,28.95,24.53,65.43,101465.3,1014.65
2026-09-24 06:00:54 UTC,AWS-01,28.73,24.38,65.18,101459.8,1014.60
2026-09-24 06:00:56 UTC,AWS-01,28.85,24.42,65.10,101465.6,1014.66
2026-09-24 06:00:58 UTC,AWS-01,28.78,24.30,65.27,101472.2,1014.73
2026-09-24 06:01:00 UTC,AWS-01,28.74,24.13,65.55,101457.0,1014.58
2026-09-24 06:01:02 UTC,AWS-01,28.81,24.35,65.11,101471.3,1014.72
2026-09-24 06:01:04 UTC,AWS-01,28.80,24.45,65.55,101473.4,1014.73
2026-09-24 06:01:06 UTC,AWS-01,28.91,24.42,65.56,101464.7,1014.64
2026-09-24 06:01:08 UTC,AWS-01,28.74,24.38,64.87,101478.1,1014.78
2026-09-24 06:01:10 UTC,AWS-01,29.01,24.61,65.00,101464.7,1014.65
2026-09-24 06:01:12 UTC,AWS-01,28.93,24.50,64.96,101455.3,1014.56
2026-09-24 06:01:14 UTC,AWS-01,29.09,24.58,64.97,101472.3,1014.72
2026-09-24 06:01:16 UTC,AWS-01,28.77,24.14,64.90,101461.7,1014.61
2026-09-24 06:01:18 UTC,AWS-01,28.77,24.25,65.17,101472.4,1014.73
2026-09-24 06:01:20 UTC,AWS-01,28.78,24.33,65.37,101474.5,1014.75
2026-09-24 06:01:22 UTC,AWS-01,29.02,24.61,65.12,101478.1,1014.79
2026-09-24 06:01:24 UTC,AWS-01,29.09,24.55,64.71,101462.2,1014.63
2026-09-24 06:01:26 UTC,AWS-01,28.98,24.53,65.19,101464.1,1014.64
2026-09-24 06:01:28 UTC,AWS-01,29.00,24.54,65.05,101452.0,1014.52
2026-09-24 06:01:30 UTC,AWS-01,29.14,24.65,64.71,101453.8,1014.54
2026-09-24 06:01:32 UTC,AWS-01,29.05,24.48,65.20,101467.0,1014.68
2026-09-24 06:01:34 UTC,AWS-01,28.88,24.35,64.79,101473.4,1014.74
2026-09-24 06:01:36 UTC,AWS-01,28.87,24.28,64.98,101471.8,1014.72
2026-09-24 06:01:38 UTC,AWS-01,28.94,24.35,64.45,101473.7,1014.73
2026-09-24 06:01:40 UTC,AWS-01,29.10,24.68,65.06,101448.2,1014.49
2026-09-24 06:01:42 UTC,AWS-01,29.10,24.65,64.36,101453.8,1014.53
2026-09-24 06:01:44 UTC,AWS-01,28.88,24.50,64.70,101459.0,1014.58
2026-09-24 06:01:46 UTC,AWS-01,29.23,24.65,64.32,101463.2,1014.63
2026-09-24 06:01:48 UTC,AWS-01,29.06,24.68,64.59,101466.4,1014.66
2026-09-24 06:01:50 UTC,AWS-01,29.30,24.80,64.54,101475.3,1014.75
2026-09-24 06:01:52 UTC,AWS-01,28.99,24.47,64.44,101451.5,1014.51
2026-09-24 06:01:54 UTC,AWS-01,29.31,24.81,64.94,101456.2,1014.56
2026-09-24 06:01:56 UTC,AWS-01,29.03,24.51,64.32,101455.3,1014.56
2026-09-24 06:01:58 UTC,AWS-01,29.27,24.70,64.76,101460.6,1014.61
2026-09-24 06:02:00 UTC,AWS-01,56.50,24.20,64.77,101473.1,1014.73
2026-09-24 06:02:02 UTC,AWS-01,57.30,24.20,64.58,101470.5,1014.70
2026-09-24 06:02:04 UTC,AWS-01,58.10,24.20,64.40,101454.6,1014.55
2026-09-24 06:02:06 UTC,AWS-01,56.50,24.20,64.39,101456.5,1014.57
2026-09-24 06:02:08 UTC,AWS-01,57.30,24.20,64.19,101470.1,1014.71
2026-09-24 06:02:10 UTC,AWS-01,58.10,24.20,64.08,101471.0,1014.71
2026-09-24 06:02:12 UTC,AWS-01,56.50,24.20,64.70,101459.3,1014.59
2026-09-24 06:02:14 UTC,AWS-01,57.30,24.20,64.50,101460.8,1014.61
2026-09-24 06:02:16 UTC,AWS-01,58.10,24.20,64.26,101445.3,1014.45
2026-09-24 06:02:18 UTC,AWS-01,56.50,24.20,64.66,101455.9,1014.56
2026-09-24 06:02:20 UTC,AWS-01,57.30,24.20,64.14,101467.8,1014.68
2026-09-24 06:02:22 UTC,AWS-01,58.10,24.20,63.88,101441.3,1014.42
2026-09-24 06:02:24 UTC,AWS-01,56.50,24.20,63.89,101465.9,1014.66
2026-09-24 06:02:26 UTC,AWS-01,57.30,24.20,63.89,101458.3,1014.58
2026-09-24 06:02:28 UTC,AWS-01,58.10,24.20,64.38,101467.6,1014.67
2026-09-24 06:02:30 UTC,AWS-01,56.50,24.20,64.03,101446.9,1014.47
2026-09-24 06:02:32 UTC,AWS-01,57.30,24.20,63.77,101438.9,1014.39
2026-09-24 06:02:34 UTC,AWS-01,58.10,24.20,64.12,101463.9,1014.63
2026-09-24 06:02:36 UTC,AWS-01,56.50,24.20,63.97,101450.5,1014.50
2026-09-24 06:02:38 UTC,AWS-01,57.30,24.20,63.72,101445.0,1014.45
2026-09-24 06:02:40 UTC,AWS-01,58.10,24.20,64.18,101442.4,1014.42
2026-09-24 06:02:42 UTC,AWS-01,56.50,24.20,64.15,101458.4,1014.59
2026-09-24 06:02:44 UTC,AWS-01,57.30,24.20,64.32,101451.6,1014.51
2026-09-24 06:02:46 UTC,AWS-01,58.10,24.20,64.15,101459.7,1014.59
2026-09-24 06:02:48 UTC,AWS-01,56.50,24.20,63.83,101437.4,1014.37
2026-09-24 06:02:50 UTC,AWS-01,57.30,24.20,64.28,101436.9,1014.37
2026-09-24 06:02:52 UTC,AWS-01,58.10,24.20,64.18,101448.8,1014.49
2026-09-24 06:02:54 UTC,AWS-01,56.50,24.20,63.94,101451.4,1014.51
2026-09-24 06:02:56 UTC,AWS-01,57.30,24.20,63.86,101454.6,1014.55
2026-09-24 06:02:58 UTC,AWS-01,58.10,24.20,63.57,101434.2,1014.34
2026-09-24 06:03:00 UTC,AWS-01,56.50,24.20,63.37,101440.6,1014.40
2026-09-24 06:03:02 UTC,AWS-01,29.32,24.83,63.92,101448.1,1014.48
2026-09-24 06:03:04 UTC,AWS-01,29.61,24.98,63.90,101446.1,1014.47
2026-09-24 06:03:06 UTC,AWS-01,29.42,24.99,63.98,101430.3,1014.31
2026-09-24 06:03:08 UTC,AWS-01,29.44,24.87,63.41,101446.3,1014.46
2026-09-24 06:03:10 UTC,AWS-01,29.59,25.07,63.36,101440.4,1014.40
2026-09-24 06:03:12 UTC,AWS-01,29.53,25.12,63.59,101437.9,1014.37
2026-09-24 06:03:14 UTC,AWS-01,29.55,25.06,63.60,101435.9,1014.35
2026-09-24 06:03:16 UTC,AWS-01,29.46,24.83,63.59,101446.2,1014.47
2026-09-24 06:03:18 UTC,AWS-01,29.53,24.98,63.49,101453.3,1014.53
2026-09-24 06:03:20 UTC,AWS-01,29.46,24.83,63.32,101450.9,1014.50
2026-09-24 06:03:22 UTC,AWS-01,29.65,25.05,63.39,101428.5,1014.29
2026-09-24 06:03:24 UTC,AWS-01,29.68,25.29,63.68,101427.6,1014.28
2026-09-24 06:03:26 UTC,AWS-01,29.62,25.08,63.38,101431.2,1014.31
2026-09-24 06:03:28 UTC,AWS-01,29.64,25.07,63.65,101440.3,1014.41
2026-09-24 06:03:30 UTC,AWS-01,29.81,25.38,63.47,101437.9,1014.37
2026-09-24 06:03:32 UTC,AWS-01,29.71,25.29,63.00,101444.3,1014.45
2026-09-24 06:03:34 UTC,AWS-01,29.63,25.22,63.01,101437.2,1014.38
2026-09-24 06:03:36 UTC,AWS-01,29.75,25.21,63.39,101439.1,1014.39
2026-09-24 06:03:38 UTC,AWS-01,29.86,25.46,63.51,101446.4,1014.46
2026-09-24 06:03:40 UTC,AWS-01,29.81,25.37,62.94,101421.4,1014.22
2026-09-24 06:03:42 UTC,AWS-01,29.69,25.20,63.08,101420.1,1014.21
2026-09-24 06:03:44 UTC,AWS-01,29.77,25.14,63.51,101442.0,1014.42
2026-09-24 06:03:46 UTC,AWS-01,29.79,25.23,63.44,101432.6,1014.32
2026-09-24 06:03:48 UTC,AWS-01,29.77,25.36,63.36,101418.9,1014.18
2026-09-24 06:03:50 UTC,AWS-01,29.63,25.22,63.32,101442.8,1014.43
2026-09-24 06:03:52 UTC,AWS-01,29.92,25.47,63.14,101417.1,1014.17
2026-09-24 06:03:54 UTC,AWS-01,29.81,25.25,62.90,101427.6,1014.27
2026-09-24 06:03:56 UTC,AWS-01,29.78,25.31,63.42,101436.0,1014.37
2026-09-24 06:03:58 UTC,AWS-01,29.65,25.27,63.46,101426.6,1014.27
2026-09-24 06:04:00 UTC,AWS-01,29.92,25.52,63.25,101435.6,1014.36
2026-09-24 06:04:02 UTC,AWS-01,29.86,25.43,62.92,101432.4,1014.32
2026-09-24 06:04:04 UTC,AWS-01,29.87,25.45,63.37,101439.4,1014.39
2026-09-24 06:04:06 UTC,AWS-01,29.86,25.36,62.96,101432.3,1014.33
2026-09-24 06:04:08 UTC,AWS-01,29.97,25.32,62.92,101437.0,1014.36
2026-09-24 06:04:10 UTC,AWS-01,29.77,25.30,62.60,101439.9,1014.40
2026-09-24 06:04:12 UTC,AWS-01,29.72,25.32,62.96,101427.3,1014.27
2026-09-24 06:04:14 UTC,AWS-01,30.01,25.48,62.80,101424.8,1014.24
2026-09-24 06:04:16 UTC,AWS-01,29.86,25.47,62.51,101415.9,1014.16
2026-09-24 06:04:18 UTC,AWS-01,30.08,25.49,62.73,101414.8,1014.14
2026-09-24 06:04:20 UTC,AWS-01,29.91,25.39,62.49,101426.4,1014.27
2026-09-24 06:04:22 UTC,AWS-01,30.03,25.50,63.04,101410.1,1014.11
2026-09-24 06:04:24 UTC,AWS-01,29.79,25.36,62.42,101408.8,1014.09
2026-09-24 06:04:26 UTC,AWS-01,29.98,25.48,62.47,101406.1,1014.07
2026-09-24 06:04:28 UTC,AWS-01,29.97,25.58,62.53,101410.7,1014.11
2026-09-24 06:04:30 UTC,AWS-01,29.92,25.49,62.46,101404.5,1014.05
2026-09-24 06:04:32 UTC,AWS-01,30.03,25.48,62.52,101410.2,1014.11
2026-09-24 06:04:34 UTC,AWS-01,29.93,25.48,62.82,101406.2,1014.07
2026-09-24 06:04:36 UTC,AWS-01,30.07,25.72,62.57,101426.1,1014.26
2026-09-24 06:04:38 UTC,AWS-01,30.04,25.51,62.38,101423.6,1014.24
2026-09-24 06:04:40 UTC,AWS-01,29.89,25.48,62.24,101417.6,1014.17
2026-09-24 06:04:42 UTC,AWS-01,29.89,25.52,62.37,101423.9,1014.24
2026-09-24 06:04:44 UTC,AWS-01,30.06,25.47,62.57,101403.4,1014.03
2026-09-24 06:04:46 UTC,AWS-01,30.03,25.43,62.63,101425.2,1014.26
2026-09-24 06:04:48 UTC,AWS-01,29.91,25.54,62.51,101411.4,1014.11
2026-09-24 06:04:50 UTC,AWS-01,30.23,25.76,62.59,101412.0,1014.12
2026-09-24 06:04:52 UTC,AWS-01,30.01,25.38,62.61,101406.0,1014.07
2026-09-24 06:04:54 UTC,AWS-01,29.88,25.45,62.57,101399.8,1013.99
2026-09-24 06:04:56 UTC,AWS-01,29.89,25.38,62.31,101414.2,1014.15
2026-09-24 06:04:58 UTC,AWS-01,30.26,25.75,62.10,101413.5,1014.13
2026-09-24 06:05:00 UTC,AWS-01,30.04,25.42,62.58,101396.1,1013.97
2026-09-24 06:05:02 UTC,AWS-01,30.14,25.52,61.97,101395.1,1013.96
2026-09-24 06:05:04 UTC,AWS-01,30.21,25.61,62.27,101405.1,1014.06
2026-09-24 06:05:06 UTC,AWS-01,30.10,25.61,62.44,101408.1,1014.08
2026-09-24 06:05:08 UTC,AWS-01,30.00,25.64,62.58,101391.5,1013.91
2026-09-24 06:05:10 UTC,AWS-01,30.07,25.45,61.87,101409.7,1014.10
2026-09-24 06:05:12 UTC,AWS-01,30.32,25.69,62.30,101396.1,1013.97
2026-09-24 06:05:14 UTC,AWS-01,30.33,25.90,62.07,101402.3,1014.02
2026-09-24 06:05:16 UTC,AWS-01,30.07,25.50,62.41,101393.8,1013.94
2026-09-24 06:05:18 UTC,AWS-01,30.36,25.98,62.46,101403.7,1014.04
2026-09-24 06:05:20 UTC,AWS-01,30.21,25.86,62.01,101403.5,1014.04
2026-09-24 06:05:22 UTC,AWS-01,30.12,25.62,62.14,101390.7,1013.91
2026-09-24 06:05:24 UTC,AWS-01,30.34,25.98,62.37,101392.1,1013.92
2026-09-24 06:05:26 UTC,AWS-01,30.07,25.47,61.72,101384.2,1013.85
2026-09-24 06:05:28 UTC,AWS-01,30.29,25.66,62.34,101411.1,1014.11
2026-09-24 06:05:30 UTC,AWS-01,30.06,25.44,61.68,101411.2,1014.11
2026-09-24 06:05:32 UTC,AWS-01,30.25,25.64,62.37,101389.8,1013.90
2026-09-24 06:05:34 UTC,AWS-01,30.38,26.00,61.70,101404.2,1014.05
2026-09-24 06:05:36 UTC,AWS-01,30.27,25.73,62.18,101390.0,1013.90
2026-09-24 06:05:38 UTC,AWS-01,30.19,25.66,61.77,101380.0,1013.80
2026-09-24 06:05:40 UTC,AWS-01,30.32,25.89,61.93,101382.2,1013.82
2026-09-24 06:05:42 UTC,AWS-01,30.46,25.89,62.16,101379.5,1013.79
2026-09-24 06:05:44 UTC,AWS-01,30.38,25.93,62.19,101377.4,1013.77
2026-09-24 06:05:46 UTC,AWS-01,30.30,25.82,62.23,101398.1,1013.99
2026-09-24 06:05:48 UTC,AWS-01,30.23,25.75,61.70,101390.1,1013.91
2026-09-24 06:05:50 UTC,AWS-01,30.50,25.96,62.00,101382.5,1013.82
2026-09-24 06:05:52 UTC,AWS-01,30.20,25.82,61.51,101397.0,1013.96
2026-09-24 06:05:54 UTC,AWS-01,30.35,25.75,61.87,101390.5,1013.90
2026-09-24 06:05:56 UTC,AWS-01,30.40,25.94,61.55,101381.8,1013.81
2026-09-24 06:05:58 UTC,AWS-01,30.33,25.78,61.44,101381.6,1013.81
2026-09-24 06:06:00 UTC,AWS-01,30.32,25.74,61.48,101325.0,1013.25
2026-09-24 06:06:02 UTC,AWS-01,30.31,25.83,61.82,101325.0,1013.25
2026-09-24 06:06:04 UTC,AWS-01,30.52,25.99,61.96,101325.0,1013.25
2026-09-24 06:06:06 UTC,AWS-01,30.50,25.90,61.28,101325.0,1013.25
2026-09-24 06:06:08 UTC,AWS-01,30.40,25.87,61.92,101325.0,1013.25
2026-09-24 06:06:10 UTC,AWS-01,30.30,25.72,61.40,101325.0,1013.25
2026-09-24 06:06:12 UTC,AWS-01,30.37,25.97,61.77,101325.0,1013.25
2026-09-24 06:06:14 UTC,AWS-01,30.32,25.77,61.69,101325.0,1013.25
2026-09-24 06:06:16 UTC,AWS-01,30.37,25.84,61.40,101325.0,1013.25
2026-09-24 06:06:18 UTC,AWS-01,30.40,26.03,61.81,101325.0,1013.25
2026-09-24 06:06:20 UTC,AWS-01,30.56,25.93,61.45,101325.0,1013.25
2026-09-24 06:06:22 UTC,AWS-01,30.52,25.92,61.60,101325.0,1013.25
2026-09-24 06:06:24 UTC,AWS-01,30.37,25.86,61.33,101325.0,1013.25
2026-09-24 06:06:26 UTC,AWS-01,30.69,26.31,61.83,101325.0,1013.25
2026-09-24 06:06:28 UTC,AWS-01,30.52,26.00,61.08,101325.0,1013.25
2026-09-24 06:06:30 UTC,AWS-01,30.67,26.16,61.56,101325.0,1013.25
2026-09-24 06:06:32 UTC,AWS-01,30.70,26.07,61.40,101325.0,1013.25
2026-09-24 06:06:34 UTC,AWS-01,30.49,26.09,61.18,101325.0,1013.25
2026-09-24 06:06:36 UTC,AWS-01,30.50,25.91,61.03,101325.0,1013.25
2026-09-24 06:06:38 UTC,AWS-01,30.40,25.78,60.93,101325.0,1013.25
2026-09-24 06:06:40 UTC,AWS-01,30.69,26.33,61.64,101325.0,1013.25
2026-09-24 06:06:42 UTC,AWS-01,30.39,25.85,61.39,101325.0,1013.25
2026-09-24 06:06:44 UTC,AWS-01,30.60,26.24,61.20,101325.0,1013.25
2026-09-24 06:06:46 UTC,AWS-01,30.74,26.28,61.53,101325.0,1013.25
2026-09-24 06:06:48 UTC,AWS-01,30.59,26.07,61.12,101325.0,1013.25
2026-09-24 06:06:50 UTC,AWS-01,30.44,26.07,60.93,101325.0,1013.25
2026-09-24 06:06:52 UTC,AWS-01,30.81,26.44,60.79,101325.0,1013.25
2026-09-24 06:06:54 UTC,AWS-01,30.77,26.17,61.43,101325.0,1013.25
2026-09-24 06:06:56 UTC,AWS-01,30.65,26.23,61.44,101325.0,1013.25
2026-09-24 06:06:58 UTC,AWS-01,30.65,26.13,61.04,101325.0,1013.25
2026-09-24 06:07:00 UTC,AWS-01,30.57,26.00,60.82,101325.0,1013.25
2026-09-24 06:07:02 UTC,AWS-01,30.52,26.04,60.89,101325.0,1013.25
2026-09-24 06:07:04 UTC,AWS-01,30.79,26.38,61.37,101325.0,1013.25
2026-09-24 06:07:06 UTC,AWS-01,30.64,26.17,61.21,101325.0,1013.25
2026-09-24 06:07:08 UTC,AWS-01,30.72,26.09,61.09,101325.0,1013.25
2026-09-24 06:07:10 UTC,AWS-01,30.83,26.33,60.78,101325.0,1013.25
2026-09-24 06:07:12 UTC,AWS-01,30.78,26.24,60.98,101325.0,1013.25
2026-09-24 06:07:14 UTC,AWS-01,30.53,26.05,60.84,101325.0,1013.25
2026-09-24 06:07:16 UTC,AWS-01,30.78,26.39,60.98,101325.0,1013.25
2026-09-24 06:07:18 UTC,AWS-01,30.87,26.50,60.73,101325.0,1013.25
2026-09-24 06:07:20 UTC,AWS-01,30.60,25.96,60.99,101325.0,1013.25
2026-09-24 06:07:22 UTC,AWS-01,30.70,26.29,60.66,101356.0,1013.57
2026-09-24 06:07:24 UTC,AWS-01,30.67,26.03,60.83,101345.6,1013.45
2026-09-24 06:07:26 UTC,AWS-01,30.72,26.28,60.64,101334.2,1013.35
2026-09-24 06:07:28 UTC,AWS-01,30.86,26.48,60.89,101329.3,1013.30
2026-09-24 06:07:30 UTC,AWS-01,30.77,26.17,60.66,101357.9,1013.58
2026-09-24 06:07:32 UTC,AWS-01,30.97,26.45,60.93,101330.2,1013.31
2026-09-24 06:07:34 UTC,AWS-01,30.99,26.39,61.00,101338.4,1013.39
2026-09-24 06:07:36 UTC,AWS-01,30.78,26.26,60.40,101353.0,1013.53
2026-09-24 06:07:38 UTC,AWS-01,30.66,26.16,60.58,101353.2,1013.54
2026-09-24 06:07:40 UTC,AWS-01,30.74,26.28,60.37,101327.0,1013.26
2026-09-24 06:07:42 UTC,AWS-01,30.88,26.28,60.40,101334.6,1013.35
2026-09-24 06:07:44 UTC,AWS-01,30.98,26.38,60.96,101338.4,1013.39
2026-09-24 06:07:46 UTC,AWS-01,30.68,26.23,61.03,101349.7,1013.50
2026-09-24 06:07:48 UTC,AWS-01,31.03,26.60,60.97,101325.2,1013.26
2026-09-24 06:07:50 UTC,AWS-01,30.75,26.31,60.64,101331.1,1013.31
2026-09-24 06:07:52 UTC,AWS-01,30.80,26.38,60.51,101340.0,1013.39
2026-09-24 06:07:54 UTC,AWS-01,30.71,26.24,60.29,101327.2,1013.28
2026-09-24 06:07:56 UTC,AWS-01,30.93,26.45,60.76,101319.3,1013.19
2026-09-24 06:07:58 UTC,AWS-01,31.04,26.58,60.18,101326.7,1013.26
2026-09-24 06:08:00 UTC,AWS-01,30.82,26.40,60.22,101320.9,1013.21
2026-09-24 06:08:02 UTC,AWS-01,30.76,26.27,60.60,101337.0,1013.36
2026-09-24 06:08:04 UTC,AWS-01,30.83,26.32,60.85,101339.5,1013.40
2026-09-24 06:08:06 UTC,AWS-01,31.02,26.43,60.60,101315.4,1013.15
2026-09-24 06:08:08 UTC,AWS-01,30.81,26.27,60.39,101330.8,1013.31
2026-09-24 06:08:10 UTC,AWS-01,30.99,26.60,60.62,101324.0,1013.23
2026-09-24 06:08:12 UTC,AWS-01,30.89,26.43,60.19,101308.4,1013.09
2026-09-24 06:08:14 UTC,AWS-01,31.11,26.46,60.39,101323.6,1013.24
2026-09-24 06:08:16 UTC,AWS-01,30.90,26.55,60.50,101317.5,1013.18
2026-09-24 06:08:18 UTC,AWS-01,30.83,26.27,60.18,101328.0,1013.28
2026-09-24 06:08:20 UTC,AWS-01,31.14,26.63,60.53,101314.8,1013.15
2026-09-24 06:08:22 UTC,AWS-01,31.12,26.75,60.30,101327.6,1013.28
2026-09-24 06:08:24 UTC,AWS-01,30.81,26.39,60.03,101322.8,1013.22
2026-09-24 06:08:26 UTC,AWS-01,30.96,26.44,60.45,101304.1,1013.05
2026-09-24 06:08:28 UTC,AWS-01,31.05,26.64,60.12,101310.0,1013.10
2026-09-24 06:08:30 UTC,AWS-01,30.81,26.29,60.55,101315.9,1013.16
2026-09-24 06:08:32 UTC,AWS-01,30.85,26.26,60.36,101329.9,1013.29
2026-09-24 06:08:34 UTC,AWS-01,30.92,26.36,60.09,101303.3,1013.04
2026-09-24 06:08:36 UTC,AWS-01,31.16,26.59,59.90,101326.6,1013.27
2026-09-24 06:08:38 UTC,AWS-01,31.02,26.51,60.07,101320.3,1013.20
2026-09-24 06:08:40 UTC,AWS-01,31.23,26.85,60.49,101315.5,1013.15
2026-09-24 06:08:42 UTC,AWS-01,31.23,26.80,59.94,101317.8,1013.18
2026-09-24 06:08:44 UTC,AWS-01,30.92,26.49,60.18,101305.2,1013.05
2026-09-24 06:08:46 UTC,AWS-01,30.95,26.40,60.45,101294.3,1012.94
2026-09-24 06:08:48 UTC,AWS-01,31.09,26.74,60.46,101299.7,1012.99
2026-09-24 06:08:50 UTC,AWS-01,30.91,26.29,59.73,101312.8,1013.13
2026-09-24 06:08:52 UTC,AWS-01,31.27,26.82,60.39,101307.8,1013.07
2026-09-24 06:08:54 UTC,AWS-01,31.11,26.65,59.71,101298.5,1012.98
2026-09-24 06:08:56 UTC,AWS-01,31.15,26.66,59.74,101297.3,1012.98
2026-09-24 06:08:58 UTC,AWS-01,31.09,26.56,59.64,101313.7,1013.14
2026-09-24 06:09:00 UTC,AWS-01,31.26,26.81,60.27,101305.1,1013.06
2026-09-24 06:09:02 UTC,AWS-01,31.27,26.66,60.05,101311.1,1013.12
2026-09-24 06:09:04 UTC,AWS-01,31.30,26.82,60.05,101302.7,1013.02
2026-09-24 06:09:06 UTC,AWS-01,31.27,26.88,60.34,101297.6,1012.98
2026-09-24 06:09:08 UTC,AWS-01,31.29,26.68,60.15,101305.4,1013.05
2026-09-24 06:09:10 UTC,AWS-01,31.14,26.75,60.23,101297.3,1012.98
2026-09-24 06:09:12 UTC,AWS-01,30.97,26.49,59.80,101293.4,1012.93
2026-09-24 06:09:14 UTC,AWS-01,31.23,26.72,60.10,101286.5,1012.86
2026-09-24 06:09:16 UTC,AWS-01,31.14,26.74,60.21,101300.0,1013.01
2026-09-24 06:09:18 UTC,AWS-01,31.22,26.86,59.72,101302.3,1013.03
2026-09-24 06:09:20 UTC,AWS-01,31.26,26.81,59.44,101304.7,1013.05
2026-09-24 06:09:22 UTC,AWS-01,31.01,26.63,59.93,101277.7,1012.78
2026-09-24 06:09:24 UTC,AWS-01,31.10,26.48,59.95,101292.0,1012.92
2026-09-24 06:09:26 UTC,AWS-01,31.27,26.79,60.01,101299.7,1012.99
2026-09-24 06:09:28 UTC,AWS-01,31.41,26.79,59.80,101298.4,1012.99
2026-09-24 06:09:30 UTC,AWS-01,31.30,26.89,59.85,101302.5,1013.02
2026-09-24 06:09:32 UTC,AWS-01,31.23,26.64,60.06,101278.8,1012.78
2026-09-24 06:09:34 UTC,AWS-01,31.29,26.77,60.12,101286.6,1012.86
2026-09-24 06:09:36 UTC,AWS-01,31.18,26.63,60.10,101292.7,1012.93
2026-09-24 06:09:38 UTC,AWS-01,31.23,26.74,59.65,101279.2,1012.80
2026-09-24 06:09:40 UTC,AWS-01,31.46,26.82,59.66,101269.3,1012.69
2026-09-24 06:09:42 UTC,AWS-01,31.46,26.87,59.34,101271.8,1012.71
2026-09-24 06:09:44 UTC,AWS-01,31.42,26.83,59.79,101288.9,1012.88
2026-09-24 06:09:46 UTC,AWS-01,31.18,26.74,59.61,101268.1,1012.69
2026-09-24 06:09:48 UTC,AWS-01,31.15,26.65,59.42,101265.9,1012.65
2026-09-24 06:09:50 UTC,AWS-01,31.18,26.64,59.49,101293.0,1012.92
2026-09-24 06:09:52 UTC,AWS-01,31.37,26.99,59.23,101283.6,1012.83
2026-09-24 06:09:54 UTC,AWS-01,31.13,26.74,59.46,101280.0,1012.81
2026-09-24 06:09:56 UTC,AWS-01,31.44,26.96,59.87,101268.5,1012.69
2026-09-24 06:09:58 UTC,AWS-01,31.32,26.78,59.60,101275.9,1012.76
2026-09-24 06:10:00 UTC,AWS-01,31.20,26.64,59.20,101287.9,1012.88
2026-09-24 06:10:02 UTC,AWS-01,31.50,27.01,59.50,101274.9,1012.74
2026-09-24 06:10:04 UTC,AWS-01,31.22,26.72,59.60,101284.1,1012.85
2026-09-24 06:10:06 UTC,AWS-01,31.50,26.87,59.59,101260.8,1012.60
2026-09-24 06:10:08 UTC,AWS-01,31.45,26.95,59.86,101261.3,1012.62
2026-09-24 06:10:10 UTC,AWS-01,31.17,26.81,59.59,101258.4,1012.58
2026-09-24 06:10:12 UTC,AWS-01,31.26,26.64,59.70,101281.5,1012.82
2026-09-24 06:10:14 UTC,AWS-01,31.52,26.96,59.68,101269.8,1012.69
2026-09-24 06:10:16 UTC,AWS-01,31.38,26.79,59.79,101267.6,1012.67
2026-09-24 06:10:18 UTC,AWS-01,31.50,27.03,59.09,101270.4,1012.70
2026-09-24 06:10:20 UTC,AWS-01,31.46,27.03,59.78,101276.5,1012.77
2026-09-24 06:10:22 UTC,AWS-01,31.33,26.93,59.18,101258.2,1012.59
2026-09-24 06:10:24 UTC,AWS-01,31.27,26.70,59.67,101263.0,1012.63
2026-09-24 06:10:26 UTC,AWS-01,31.39,27.02,59.04,101256.4,1012.56
2026-09-24 06:10:28 UTC,AWS-01,31.27,26.92,58.96,101256.4,1012.57
2026-09-24 06:10:30 UTC,AWS-01,31.31,26.78,59.14,101275.5,1012.75
2026-09-24 06:10:32 UTC,AWS-01,31.56,26.98,59.36,101248.1,1012.49
2026-09-24 06:10:34 UTC,AWS-01,31.45,27.02,58.96,101246.9,1012.47
2026-09-24 06:10:36 UTC,AWS-01,31.64,27.27,58.93,101254.6,1012.54
2026-09-24 06:10:38 UTC,AWS-01,31.31,26.73,59.23,101247.6,1012.47
2026-09-24 06:10:40 UTC,AWS-01,31.58,27.03,12.48,101242.9,1012.42
2026-09-24 06:10:42 UTC,AWS-01,31.61,27.03,12.26,101254.8,1012.55
2026-09-24 06:10:44 UTC,AWS-01,31.33,26.80,12.24,101241.0,1012.40
2026-09-24 06:10:46 UTC,AWS-01,31.63,27.06,12.63,101252.4,1012.53
2026-09-24 06:10:48 UTC,AWS-01,31.57,27.22,12.21,101260.1,1012.60
2026-09-24 06:10:50 UTC,AWS-01,31.36,26.99,12.57,101265.0,1012.64
2026-09-24 06:10:52 UTC,AWS-01,31.39,26.80,12.63,101243.4,1012.44
2026-09-24 06:10:54 UTC,AWS-01,31.66,27.07,12.52,101241.1,1012.42
2026-09-24 06:10:56 UTC,AWS-01,31.33,26.90,12.16,101263.1,1012.63
2026-09-24 06:10:58 UTC,AWS-01,31.58,27.05,12.62,101258.6,1012.58
2026-09-24 06:11:00 UTC,AWS-01,31.34,26.83,12.64,101243.6,1012.43
2026-09-24 06:11:02 UTC,AWS-01,31.42,26.94,12.21,101235.3,1012.35
2026-09-24 06:11:04 UTC,AWS-01,31.43,27.02,12.28,101250.2,1012.50
2026-09-24 06:11:06 UTC,AWS-01,31.63,27.22,12.48,101255.5,1012.55
2026-09-24 06:11:08 UTC,AWS-01,31.60,27.24,12.47,101235.2,1012.35
2026-09-24 06:11:10 UTC,AWS-01,31.59,27.00,12.26,101250.4,1012.51
2026-09-24 06:11:12 UTC,AWS-01,31.35,26.74,12.33,101257.6,1012.57
2026-09-24 06:11:14 UTC,AWS-01,31.67,27.18,12.59,101228.1,1012.29
2026-09-24 06:11:16 UTC,AWS-01,31.53,27.05,12.45,101232.8,1012.33
2026-09-24 06:11:18 UTC,AWS-01,31.46,26.98,12.47,101233.4,1012.34
2026-09-24 06:11:20 UTC,AWS-01,31.48,26.99,12.55,101254.3,1012.54
2026-09-24 06:11:22 UTC,AWS-01,31.60,27.21,12.54,101232.9,1012.33
2026-09-24 06:11:24 UTC,AWS-01,31.63,27.07,12.42,101233.8,1012.33
2026-09-24 06:11:26 UTC,AWS-01,31.41,27.00,12.21,101222.3,1012.22
2026-09-24 06:11:28 UTC,AWS-01,31.40,27.00,12.57,101227.5,1012.28
2026-09-24 06:11:30 UTC,AWS-01,31.79,27.31,12.64,101247.7,1012.47
2026-09-24 06:11:32 UTC,AWS-01,31.63,27.01,12.20,101231.6,1012.32
2026-09-24 06:11:34 UTC,AWS-01,31.64,27.08,12.28,101223.6,1012.23
2026-09-24 06:11:36 UTC,AWS-01,31.78,27.29,12.19,101223.3,1012.23
2026-09-24 06:11:38 UTC,AWS-01,31.64,27.16,12.28,101246.8,1012.46
2026-09-24 06:11:40 UTC,AWS-01,31.47,26.88,12.43,101226.3,1012.27
2026-09-24 06:11:42 UTC,AWS-01,31.62,27.00,12.54,101223.1,1012.24
2026-09-24 06:11:44 UTC,AWS-01,31.57,27.13,12.24,101229.1,1012.29
2026-09-24 06:11:46 UTC,AWS-01,31.70,27.08,12.44,101224.8,1012.24
2026-09-24 06:11:48 UTC,AWS-01,31.57,26.94,12.36,101214.7,1012.15
2026-09-24 06:11:50 UTC,AWS-01,31.67,27.22,12.60,101216.8,1012.16
2026-09-24 06:11:52 UTC,AWS-01,31.72,27.11,12.31,101216.2,1012.16
2026-09-24 06:11:54 UTC,AWS-01,31.78,27.41,12.16,101225.4,1012.26
2026-09-24 06:11:56 UTC,AWS-01,31.79,27.20,12.57,101224.9,1012.24
2026-09-24 06:11:58 UTC,AWS-01,31.52,26.99,12.50,101235.4,1012.36
2026-09-24 06:12:00 UTC,AWS-01,31.85,27.49,12.62,101228.7,1012.29
2026-09-24 06:12:02 UTC,AWS-01,31.74,27.17,58.55,101225.1,1012.25
2026-09-24 06:12:04 UTC,AWS-01,31.63,27.10,58.78,101222.8,1012.22
2026-09-24 06:12:06 UTC,AWS-01,31.78,27.26,58.81,101219.2,1012.19
2026-09-24 06:12:08 UTC,AWS-01,31.85,27.30,58.44,101217.5,1012.17
2026-09-24 06:12:10 UTC,AWS-01,31.50,27.14,58.49,101207.2,1012.08
2026-09-24 06:12:12 UTC,AWS-01,31.54,26.92,58.48,101225.1,1012.26
2026-09-24 06:12:14 UTC,AWS-01,31.60,27.21,58.97,101205.9,1012.06
2026-09-24 06:12:16 UTC,AWS-01,31.83,27.25,58.82,101204.3,1012.04
2026-09-24 06:12:18 UTC,AWS-01,31.88,27.35,58.80,101221.1,1012.21
2026-09-24 06:12:20 UTC,AWS-01,31.74,27.36,58.36,101215.5,1012.15
2026-09-24 06:12:22 UTC,AWS-01,31.72,27.16,58.60,101218.6,1012.18
2026-09-24 06:12:24 UTC,AWS-01,31.53,27.05,58.96,101210.0,1012.09
2026-09-24 06:12:26 UTC,AWS-01,31.76,27.18,58.52,101229.8,1012.30
2026-09-24 06:12:28 UTC,AWS-01,31.79,27.19,58.45,101220.9,1012.21
2026-09-24 06:12:30 UTC,AWS-01,31.90,27.31,58.35,101205.8,1012.05
2026-09-24 06:12:32 UTC,AWS-01,31.87,27.35,58.27,101201.2,1012.02
2026-09-24 06:12:34 UTC,AWS-01,31.61,27.18,58.62,101217.8,1012.18
2026-09-24 06:12:36 UTC,AWS-01,31.78,27.21,58.84,101208.3,1012.08
2026-09-24 06:12:38 UTC,AWS-01,31.90,27.38,58.82,101217.1,1012.17
2026-09-24 06:12:40 UTC,AWS-01,31.78,27.32,58.87,101224.5,1012.25
2026-09-24 06:12:42 UTC,AWS-01,31.86,27.27,58.70,101211.7,1012.12
2026-09-24 06:12:44 UTC,AWS-01,31.95,27.59,58.92,101219.9,1012.19
2026-09-24 06:12:46 UTC,AWS-01,31.86,27.45,58.86,101197.8,1011.98
2026-09-24 06:12:48 UTC,AWS-01,31.92,27.37,58.14,101196.5,1011.97
2026-09-24 06:12:50 UTC,AWS-01,31.85,27.42,58.59,101196.9,1011.96
2026-09-24 06:12:52 UTC,AWS-01,31.69,27.16,58.84,101193.6,1011.94
2026-09-24 06:12:54 UTC,AWS-01,31.63,27.02,58.29,101217.8,1012.18
2026-09-24 06:12:56 UTC,AWS-01,31.63,27.16,58.70,101210.3,1012.11
2026-09-24 06:12:58 UTC,AWS-01,31.69,27.28,58.22,101190.0,1011.90
2026-09-24 06:13:00 UTC,AWS-01,31.82,27.33,58.63,101195.9,1011.95
2026-09-24 06:13:02 UTC,AWS-01,31.79,27.30,58.78,101189.2,1011.90
2026-09-24 06:13:04 UTC,AWS-01,31.89,27.37,58.12,101208.7,1012.08
2026-09-24 06:13:06 UTC,AWS-01,31.77,27.28,58.53,101203.3,1012.04
2026-09-24 06:13:08 UTC,AWS-01,31.69,27.28,58.52,101193.1,1011.93
2026-09-24 06:13:10 UTC,AWS-01,31.67,27.18,58.77,101206.3,1012.06
2026-09-24 06:13:12 UTC,AWS-01,31.75,27.12,58.65,101201.8,1012.01
2026-09-24 06:13:14 UTC,AWS-01,31.91,27.53,58.17,101203.1,1012.04
2026-09-24 06:13:16 UTC,AWS-01,31.77,27.21,58.66,101200.5,1012.00
2026-09-24 06:13:18 UTC,AWS-01,31.85,27.30,58.05,101199.3,1011.99
2026-09-24 06:13:20 UTC,AWS-01,31.92,27.30,58.20,101189.1,1011.89
2026-09-24 06:13:22 UTC,AWS-01,32.01,27.39,58.15,101195.2,1011.96
2026-09-24 06:13:24 UTC,AWS-01,31.66,27.10,58.09,101211.8,1012.11
2026-09-24 06:13:26 UTC,AWS-01,32.00,27.37,58.69,101184.8,1011.84
2026-09-24 06:13:28 UTC,AWS-01,31.72,27.36,58.40,101207.5,1012.07
2026-09-24 06:13:30 UTC,AWS-01,31.98,27.43,58.31,101200.5,1012.01
2026-09-24 06:13:32 UTC,AWS-01,31.78,27.15,58.44,101202.2,1012.02
2026-09-24 06:13:34 UTC,AWS-01,31.79,27.38,58.29,101194.4,1011.94
2026-09-24 06:13:36 UTC,AWS-01,32.03,27.66,58.13,101197.6,1011.97
2026-09-24 06:13:38 UTC,AWS-01,31.83,27.31,58.04,101183.9,1011.84
2026-09-24 06:13:40 UTC,AWS-01,31.68,27.22,58.70,101183.3,1011.83
2026-09-24 06:13:42 UTC,AWS-01,31.90,27.26,57.98,101185.9,1011.86
2026-09-24 06:13:44 UTC,AWS-01,31.74,27.22,58.45,101193.8,1011.93
2026-09-24 06:13:46 UTC,AWS-01,31.91,27.32,58.45,101193.4,1011.94
2026-09-24 06:13:48 UTC,AWS-01,31.95,27.39,58.27,101202.3,1012.03
2026-09-24 06:13:50 UTC,AWS-01,31.87,27.23,57.89,101179.3,1011.79
2026-09-24 06:13:52 UTC,AWS-01,31.77,27.15,58.36,101177.1,1011.78
2026-09-24 06:13:54 UTC,AWS-01,32.00,27.54,58.64,101178.9,1011.78
2026-09-24 06:13:56 UTC,AWS-01,31.94,27.39,58.25,101177.8,1011.77
2026-09-24 06:13:58 UTC,AWS-01,31.90,27.34,58.66,101198.8,1011.99
2026-09-24 06:14:00 UTC,AWS-01,32.02,27.42,57.87,101193.6,1011.94
2026-09-24 06:14:02 UTC,AWS-01,31.93,27.37,58.60,101187.7,1011.87
2026-09-24 06:14:04 UTC,AWS-01,32.04,27.43,58.09,101196.7,1011.96
2026-09-24 06:14:06 UTC,AWS-01,31.84,27.38,58.05,101176.1,1011.76
2026-09-24 06:14:08 UTC,AWS-01,32.09,27.58,58.26,101180.7,1011.80
2026-09-24 06:14:10 UTC,AWS-01,32.06,27.50,57.95,101177.8,1011.77
2026-09-24 06:14:12 UTC,AWS-01,32.10,27.51,58.00,101197.9,1011.97
2026-09-24 06:14:14 UTC,AWS-01,32.08,27.66,57.90,101192.7,1011.92
2026-09-24 06:14:16 UTC,AWS-01,32.11,27.47,58.50,101182.1,1011.83
2026-09-24 06:14:18 UTC,AWS-01,32.09,27.55,58.03,101189.3,1011.89
2026-09-24 06:14:20 UTC,AWS-01,31.90,27.46,57.85,101197.5,1011.97
2026-09-24 06:14:22 UTC,AWS-01,31.98,27.59,58.38,101190.4,1011.90
2026-09-24 06:14:24 UTC,AWS-01,31.87,27.42,57.98,101174.7,1011.74
2026-09-24 06:14:26 UTC,AWS-01,31.74,27.29,58.07,101182.6,1011.83
2026-09-24 06:14:28 UTC,AWS-01,31.80,27.29,58.22,101194.6,1011.94
2026-09-24 06:14:30 UTC,AWS-01,31.87,27.35,58.40,101177.5,1011.78
2026-09-24 06:14:32 UTC,AWS-01,31.83,27.44,58.32,101185.7,1011.85
2026-09-24 06:14:34 UTC,AWS-01,31.92,27.50,57.77,101189.5,1011.90
2026-09-24 06:14:36 UTC,AWS-01,31.91,27.45,58.31,101174.5,1011.75
2026-09-24 06:14:38 UTC,AWS-01,31.86,27.36,58.52,101177.4,1011.77
2026-09-24 06:14:40 UTC,AWS-01,31.90,27.26,58.12,101169.7,1011.70
2026-09-24 06:14:42 UTC,AWS-01,32.09,27.55,58.36,101177.6,1011.78
2026-09-24 06:14:44 UTC,AWS-01,32.00,27.52,57.86,101190.7,1011.91
2026-09-24 06:14:46 UTC,AWS-01,31.87,27.35,57.98,101178.5,1011.79
2026-09-24 06:14:48 UTC,AWS-01,32.09,27.58,58.11,101181.5,1011.82
2026-09-24 06:14:50 UTC,AWS-01,31.84,27.22,58.48,101192.6,1011.92
2026-09-24 06:14:52 UTC,AWS-01,31.91,27.55,58.45,101180.4,1011.81
2026-09-24 06:14:54 UTC,AWS-01,31.85,27.29,57.76,101181.3,1011.82
2026-09-24 06:14:56 UTC,AWS-01,31.97,27.35,57.85,101184.8,1011.85
2026-09-24 06:14:58 UTC,AWS-01,32.04,27.43,57.78,101175.8,1011.76
2026-09-24 06:15:00 UTC,AWS-01,31.85,27.21,57.93,101162.6,1011.63
2026-09-24 06:15:02 UTC,AWS-01,31.84,27.25,58.23,101186.6,1011.87
2026-09-24 06:15:04 UTC,AWS-01,31.85,27.36,58.11,101181.9,1011.82
2026-09-24 06:15:06 UTC,AWS-01,32.14,27.53,58.47,101165.4,1011.66
2026-09-24 06:15:08 UTC,AWS-01,31.92,27.57,57.89,101172.4,1011.73
2026-09-24 06:15:10 UTC,AWS-01,31.92,27.52,57.69,101177.1,1011.78
2026-09-24 06:15:12 UTC,AWS-01,32.10,27.71,58.14,101171.0,1011.70
2026-09-24 06:15:14 UTC,AWS-01,31.90,27.47,58.06,101187.9,1011.88
2026-09-24 06:15:16 UTC,AWS-01,31.99,27.37,58.47,101175.2,1011.75
2026-09-24 06:15:18 UTC,AWS-01,32.08,27.46,58.38,101161.6,1011.62
2026-09-24 06:15:20 UTC,AWS-01,32.00,27.40,57.84,101175.0,1011.75
2026-09-24 06:15:22 UTC,AWS-01,31.84,27.28,58.43,101180.3,1011.80
2026-09-24 06:15:24 UTC,AWS-01,32.07,27.47,58.40,101187.5,1011.87
2026-09-24 06:15:26 UTC,AWS-01,31.81,27.33,57.96,101160.7,1011.60
2026-09-24 06:15:28 UTC,AWS-01,32.08,27.46,57.70,101180.5,1011.80
2026-09-24 06:15:30 UTC,AWS-01,31.97,27.53,58.44,101170.3,1011.71
2026-09-24 06:15:32 UTC,AWS-01,31.97,27.48,57.82,101172.5,1011.73
2026-09-24 06:15:34 UTC,AWS-01,32.11,27.68,57.76,101171.6,1011.71
2026-09-24 06:15:36 UTC,AWS-01,31.93,27.36,58.30,101185.6,1011.85
2026-09-24 06:15:38 UTC,AWS-01,32.12,27.51,57.86,101164.9,1011.64
2026-09-24 06:15:40 UTC,AWS-01,32.16,27.69,58.11,101184.1,1011.85
2026-09-24 06:15:42 UTC,AWS-01,31.81,27.37,57.68,101170.2,1011.71
2026-09-24 06:15:44 UTC,AWS-01,31.93,27.34,58.42,101180.3,1011.80
2026-09-24 06:15:46 UTC,AWS-01,31.84,27.37,57.75,101174.2,1011.75
2026-09-24 06:15:48 UTC,AWS-01,31.91,27.35,58.37,101161.3,1011.61
2026-09-24 06:15:50 UTC,AWS-01,31.99,27.48,58.36,101186.7,1011.86
2026-09-24 06:15:52 UTC,AWS-01,32.17,27.58,57.95,101169.0,1011.69
2026-09-24 06:15:54 UTC,AWS-01,31.89,27.29,57.71,101178.0,1011.77
2026-09-24 06:15:56 UTC,AWS-01,32.00,27.47,57.78,101175.8,1011.76
2026-09-24 06:15:58 UTC,AWS-01,32.10,27.73,58.33,101158.0,1011.58
2026-09-24 06:16:00 UTC,AWS-01,-48.50,-50.00,58.31,101185.5,1011.85
2026-09-24 06:16:02 UTC,AWS-01,-48.00,-50.00,57.64,101180.9,1011.80
2026-09-24 06:16:04 UTC,AWS-01,-48.50,-50.00,57.92,101171.1,1011.71
2026-09-24 06:16:06 UTC,AWS-01,-48.00,-50.00,58.13,101167.9,1011.68
2026-09-24 06:16:08 UTC,AWS-01,-48.50,-50.00,57.97,101161.7,1011.62
2026-09-24 06:16:10 UTC,AWS-01,-48.00,-50.00,58.22,101177.0,1011.78
2026-09-24 06:16:12 UTC,AWS-01,-48.50,-50.00,57.62,101161.0,1011.60
2026-09-24 06:16:14 UTC,AWS-01,-48.00,-50.00,57.73,101165.7,1011.66
2026-09-24 06:16:16 UTC,AWS-01,-48.50,-50.00,58.34,101172.5,1011.73
2026-09-24 06:16:18 UTC,AWS-01,-48.00,-50.00,58.23,101180.6,1011.80
2026-09-24 06:16:20 UTC,AWS-01,-48.50,-50.00,57.77,101162.3,1011.63
2026-09-24 06:16:22 UTC,AWS-01,-48.00,-50.00,57.67,101160.9,1011.60
2026-09-24 06:16:24 UTC,AWS-01,-48.50,-50.00,57.79,101183.3,1011.84
2026-09-24 06:16:26 UTC,AWS-01,-48.00,-50.00,58.04,101175.5,1011.75
2026-09-24 06:16:28 UTC,AWS-01,-48.50,-50.00,58.17,101158.5,1011.59
2026-09-24 06:16:30 UTC,AWS-01,-48.00,-50.00,58.27,101167.4,1011.68
2026-09-24 06:16:32 UTC,AWS-01,-48.50,-50.00,57.76,101168.8,1011.69
2026-09-24 06:16:34 UTC,AWS-01,-48.00,-50.00,57.83,101161.8,1011.62
2026-09-24 06:16:36 UTC,AWS-01,-48.50,-50.00,58.19,101166.8,1011.66
2026-09-24 06:16:38 UTC,AWS-01,-48.00,-50.00,58.11,101169.6,1011.70
2026-09-24 06:16:40 UTC,AWS-01,-48.50,-50.00,57.79,101175.5,1011.75
2026-09-24 06:16:42 UTC,AWS-01,-48.00,-50.00,58.30,101172.0,1011.71
2026-09-24 06:16:44 UTC,AWS-01,-48.50,-50.00,57.92,101179.9,1011.79
2026-09-24 06:16:46 UTC,AWS-01,-48.00,-50.00,57.75,101164.7,1011.64
2026-09-24 06:16:48 UTC,AWS-01,-48.50,-50.00,58.35,101180.6,1011.80
2026-09-24 06:16:50 UTC,AWS-01,-48.00,-50.00,58.28,101182.5,1011.83
2026-09-24 06:16:52 UTC,AWS-01,-48.50,-50.00,57.91,101185.4,1011.85
2026-09-24 06:16:54 UTC,AWS-01,-48.00,-50.00,58.13,101173.3,1011.74
2026-09-24 06:16:56 UTC,AWS-01,-48.50,-50.00,57.68,101164.7,1011.65
2026-09-24 06:16:58 UTC,AWS-01,-48.00,-50.00,58.28,101161.6,1011.61
2026-09-24 06:17:00 UTC,AWS-01,-48.50,-50.00,58.16,101164.0,1011.64
2026-09-24 06:17:02 UTC,AWS-01,-48.00,-50.00,57.82,101174.1,1011.74
2026-09-24 06:17:04 UTC,AWS-01,-48.50,-50.00,58.30,101158.2,1011.58
2026-09-24 06:17:06 UTC,AWS-01,-48.00,-50.00,58.13,101159.4,1011.59
2026-09-24 06:17:08 UTC,AWS-01,-48.50,-50.00,57.91,101183.5,1011.84
2026-09-24 06:17:10 UTC,AWS-01,-48.00,-50.00,58.32,101179.4,1011.79
2026-09-24 06:17:12 UTC,AWS-01,32.17,27.56,58.18,101169.7,1011.69
2026-09-24 06:17:14 UTC,AWS-01,31.95,27.38,58.27,101168.2,1011.69
2026-09-24 06:17:16 UTC,AWS-01,31.84,27.39,58.24,101173.5,1011.74
2026-09-24 06:17:18 UTC,AWS-01,32.10,27.66,57.77,101172.0,1011.71
2026-09-24 06:17:20 UTC,AWS-01,31.95,27.46,58.29,101159.6,1011.60
2026-09-24 06:17:22 UTC,AWS-01,32.08,27.60,57.77,101163.8,1011.63
2026-09-24 06:17:24 UTC,AWS-01,31.84,27.43,58.08,101180.6,1011.81
2026-09-24 06:17:26 UTC,AWS-01,32.16,27.81,58.18,101164.2,1011.64
2026-09-24 06:17:28 UTC,AWS-01,31.98,27.34,57.76,101179.8,1011.79
2026-09-24 06:17:30 UTC,AWS-01,31.99,27.43,57.74,101162.0,1011.63
2026-09-24 06:17:32 UTC,AWS-01,31.90,27.25,58.09,101175.2,1011.75
2026-09-24 06:17:34 UTC,AWS-01,32.12,27.72,58.13,101177.1,1011.78
2026-09-24 06:17:36 UTC,AWS-01,32.10,27.57,57.91,101162.3,1011.63
2026-09-24 06:17:38 UTC,AWS-01,31.96,27.59,57.64,101179.6,1011.80
2026-09-24 06:17:40 UTC,AWS-01,32.02,27.57,57.71,101166.5,1011.66
2026-09-24 06:17:42 UTC,AWS-01,31.94,27.36,58.24,101180.9,1011.81
2026-09-24 06:17:44 UTC,AWS-01,32.17,27.64,57.78,101167.1,1011.68
2026-09-24 06:17:46 UTC,AWS-01,32.08,27.66,57.85,101169.0,1011.69
2026-09-24 06:17:48 UTC,AWS-01,32.05,27.67,58.23,101167.3,1011.68
2026-09-24 06:17:50 UTC,AWS-01,32.14,27.53,57.89,101179.7,1011.79
2026-09-24 06:17:52 UTC,AWS-01,31.92,27.50,58.11,101174.1,1011.75
2026-09-24 06:17:54 UTC,AWS-01,32.04,27.58,57.93,101187.0,1011.86
2026-09-24 06:17:56 UTC,AWS-01,32.12,27.72,58.25,101169.6,1011.70
2026-09-24 06:17:58 UTC,AWS-01,31.81,27.39,58.09,101167.8,1011.67
2026-09-24 06:18:00 UTC,AWS-01,32.02,27.63,58.46,101182.9,1011.83
2026-09-24 06:18:02 UTC,AWS-01,31.92,27.38,58.29,101162.3,1011.63
2026-09-24 06:18:04 UTC,AWS-01,32.00,27.62,58.27,101163.6,1011.63
2026-09-24 06:18:06 UTC,AWS-01,32.10,27.61,57.87,101171.6,1011.72
2026-09-24 06:18:08 UTC,AWS-01,31.91,27.46,57.78,101164.5,1011.65
2026-09-24 06:18:10 UTC,AWS-01,31.99,27.51,58.04,101181.6,1011.81
2026-09-24 06:18:12 UTC,AWS-01,32.06,27.69,57.95,101167.0,1011.67
2026-09-24 06:18:14 UTC,AWS-01,32.14,27.70,58.43,101165.4,1011.66
2026-09-24 06:18:16 UTC,AWS-01,31.91,27.39,58.21,101187.0,1011.86
2026-09-24 06:18:18 UTC,AWS-01,31.94,27.32,57.73,101163.4,1011.64
2026-09-24 06:18:20 UTC,AWS-01,31.88,27.25,58.27,101181.6,1011.81
2026-09-24 06:18:22 UTC,AWS-01,32.00,27.43,57.92,101191.5,1011.92
2026-09-24 06:18:24 UTC,AWS-01,32.10,27.74,57.79,101163.0,1011.63
2026-09-24 06:18:26 UTC,AWS-01,32.10,27.63,58.34,101190.4,1011.90
2026-09-24 06:18:28 UTC,AWS-01,31.89,27.42,57.89,101163.1,1011.64
2026-09-24 06:18:30 UTC,AWS-01,31.86,27.43,58.00,101194.1,1011.94
2026-09-24 06:18:32 UTC,AWS-01,31.86,27.51,57.93,101167.6,1011.67
2026-09-24 06:18:34 UTC,AWS-01,31.78,27.33,58.27,101180.6,1011.80
2026-09-24 06:18:36 UTC,AWS-01,32.06,27.71,58.08,101190.7,1011.91
2026-09-24 06:18:38 UTC,AWS-01,32.02,27.52,57.82,101185.6,1011.85
2026-09-24 06:18:40 UTC,AWS-01,32.03,27.43,58.14,101171.4,1011.72
2026-09-24 06:18:42 UTC,AWS-01,31.77,27.38,58.30,101186.7,1011.87
2026-09-24 06:18:44 UTC,AWS-01,31.93,27.55,57.99,101193.5,1011.94
2026-09-24 06:18:46 UTC,AWS-01,31.89,27.28,58.33,101168.4,1011.69
2026-09-24 06:18:48 UTC,AWS-01,31.76,27.27,58.19,101177.2,1011.78
2026-09-24 06:18:50 UTC,AWS-01,31.75,27.20,58.15,101171.0,1011.72
2026-09-24 06:18:52 UTC,AWS-01,31.87,27.31,58.04,101197.7,1011.97
2026-09-24 06:18:54 UTC,AWS-01,31.84,27.26,58.17,101193.3,1011.93
2026-09-24 06:18:56 UTC,AWS-01,32.01,27.62,57.93,101174.5,1011.74
2026-09-24 06:18:58 UTC,AWS-01,31.97,27.33,58.39,101174.9,1011.74
2026-09-24 06:19:00 UTC,AWS-01,32.10,27.48,58.28,101183.1,1011.83
2026-09-24 06:19:02 UTC,AWS-01,31.88,27.29,58.03,101193.4,1011.94
2026-09-24 06:19:04 UTC,AWS-01,31.86,27.43,57.94,101185.6,1011.85
2026-09-24 06:19:06 UTC,AWS-01,31.98,27.52,58.26,101175.4,1011.75
2026-09-24 06:19:08 UTC,AWS-01,31.88,27.40,58.25,101183.1,1011.84
2026-09-24 06:19:10 UTC,AWS-01,32.09,27.70,58.44,101182.0,1011.82
2026-09-24 06:19:12 UTC,AWS-01,31.82,27.25,57.90,101196.8,1011.96
2026-09-24 06:19:14 UTC,AWS-01,31.89,27.42,58.16,101196.5,1011.97
2026-09-24 06:19:16 UTC,AWS-01,31.87,27.42,58.44,101198.5,1011.98
2026-09-24 06:19:18 UTC,AWS-01,31.96,27.44,58.13,101182.8,1011.82
2026-09-24 06:19:20 UTC,AWS-01,31.88,27.49,57.97,101189.8,1011.89
2026-09-24 06:19:22 UTC,AWS-01,31.94,27.47,58.35,101180.2,1011.80
2026-09-24 06:19:24 UTC,AWS-01,31.96,27.44,58.45,101185.9,1011.85
2026-09-24 06:19:26 UTC,AWS-01,31.86,27.31,58.28,101188.9,1011.89
2026-09-24 06:19:28 UTC,AWS-01,31.88,27.44,58.41,101185.1,1011.86
2026-09-24 06:19:30 UTC,AWS-01,31.76,27.17,58.23,101202.8,1012.02
2026-09-24 06:19:32 UTC,AWS-01,31.72,27.12,58.68,101193.3,1011.94
2026-09-24 06:19:34 UTC,AWS-01,31.92,27.37,58.23,101179.3,1011.80
2026-09-24 06:19:36 UTC,AWS-01,31.90,27.41,58.60,101192.1,1011.93
2026-09-24 06:19:38 UTC,AWS-01,32.04,27.56,57.98,101179.1,1011.79
2026-09-24 06:19:40 UTC,AWS-01,31.96,27.37,58.30,101190.3,1011.90
2026-09-24 06:19:42 UTC,AWS-01,31.84,27.34,58.70,101196.6,1011.97
2026-09-24 06:19:44 UTC,AWS-01,31.76,27.14,58.02,101199.3,1011.99
2026-09-24 06:19:46 UTC,AWS-01,31.85,27.22,58.60,101198.0,1011.98
2026-09-24 06:19:48 UTC,AWS-01,31.85,27.36,58.60,101181.7,1011.82
2026-09-24 06:19:50 UTC,AWS-01,31.84,27.24,58.55,101194.5,1011.95
2026-09-24 06:19:52 UTC,AWS-01,31.94,27.37,58.06,101195.3,1011.96
2026-09-24 06:19:54 UTC,AWS-01,32.00,27.61,58.56,101199.9,1011.99
2026-09-24 06:19:56 UTC,AWS-01,31.70,27.19,58.30,101193.7,1011.94
2026-09-24 06:19:58 UTC,AWS-01,31.89,27.49,58.06,101185.4,1011.85
2026-09-24 06:20:00 UTC,AWS-01,31.94,27.51,58.67,101187.1,1011.88
2026-09-24 06:20:02 UTC,AWS-01,31.73,27.12,58.49,101201.2,1012.02
2026-09-24 06:20:04 UTC,AWS-01,31.71,27.31,58.20,101200.6,1012.00
2026-09-24 06:20:06 UTC,AWS-01,31.90,27.25,58.56,101205.5,1012.06
2026-09-24 06:20:08 UTC,AWS-01,31.65,27.06,58.63,101199.7,1012.00
2026-09-24 06:20:10 UTC,AWS-01,31.92,27.46,58.47,101188.9,1011.88
2026-09-24 06:20:12 UTC,AWS-01,31.90,27.49,58.51,101204.1,1012.04
2026-09-24 06:20:14 UTC,AWS-01,31.67,27.28,58.59,101210.0,1012.09
2026-09-24 06:20:16 UTC,AWS-01,31.84,27.38,58.40,101191.3,1011.91
2026-09-24 06:20:18 UTC,AWS-01,31.71,27.35,58.32,101205.4,1012.06
2026-09-24 06:20:20 UTC,AWS-01,31.92,27.45,58.28,101208.9,1012.08
2026-09-24 06:20:22 UTC,AWS-01,31.86,27.42,58.30,101190.0,1011.91
2026-09-24 06:20:24 UTC,AWS-01,31.88,27.33,58.10,101205.7,1012.06
2026-09-24 06:20:26 UTC,AWS-01,31.71,27.15,58.54,101213.4,1012.13
2026-09-24 06:20:28 UTC,AWS-01,31.68,27.27,58.71,101196.0,1011.97
2026-09-24 06:20:30 UTC,AWS-01,31.80,27.15,58.88,101222.5,1012.22
2026-09-24 06:20:32 UTC,AWS-01,31.96,27.39,58.49,101215.4,1012.16
2026-09-24 06:20:34 UTC,AWS-01,31.72,27.29,58.80,101221.1,1012.21
2026-09-24 06:20:36 UTC,AWS-01,31.83,27.45,58.66,101197.9,1011.97
2026-09-24 06:20:38 UTC,AWS-01,31.84,27.47,58.82,101222.1,1012.23
2026-09-24 06:20:40 UTC,AWS-01,31.88,27.46,58.28,101208.9,1012.08
2026-09-24 06:20:42 UTC,AWS-01,31.68,27.06,58.50,101221.4,1012.21
2026-09-24 06:20:44 UTC,AWS-01,31.58,27.00,58.37,101208.3,1012.08
2026-09-24 06:20:46 UTC,AWS-01,31.55,27.07,58.76,101198.2,1011.99
2026-09-24 06:20:48 UTC,AWS-01,31.91,27.37,58.94,101218.2,1012.18
2026-09-24 06:20:50 UTC,AWS-01,31.71,27.17,58.89,101224.2,1012.25
2026-09-24 06:20:52 UTC,AWS-01,31.66,27.19,58.50,101211.2,1012.11
2026-09-24 06:20:54 UTC,AWS-01,31.76,27.12,58.84,101208.1,1012.09
2026-09-24 06:20:56 UTC,AWS-01,31.79,27.25,58.47,101208.8,1012.09
2026-09-24 06:20:58 UTC,AWS-01,31.76,27.27,58.37,101227.8,1012.28
2026-09-24 06:21:00 UTC,AWS-01,31.88,27.39,58.87,91054.0,910.54
2026-09-24 06:21:02 UTC,AWS-01,31.59,27.23,58.75,91053.0,910.53
2026-09-24 06:21:04 UTC,AWS-01,31.74,27.36,58.87,91045.0,910.45
2026-09-24 06:21:06 UTC,AWS-01,31.56,27.13,58.57,91036.0,910.36
2026-09-24 06:21:08 UTC,AWS-01,31.57,27.03,58.31,91056.0,910.56
2026-09-24 06:21:10 UTC,AWS-01,31.58,26.96,58.34,91032.0,910.32
2026-09-24 06:21:12 UTC,AWS-01,31.80,27.27,58.74,91068.0,910.68
2026-09-24 06:21:14 UTC,AWS-01,31.55,26.96,58.51,91052.0,910.52
2026-09-24 06:21:16 UTC,AWS-01,31.78,27.40,58.49,91057.0,910.57
2026-09-24 06:21:18 UTC,AWS-01,31.57,27.07,58.88,91068.0,910.68
2026-09-24 06:21:20 UTC,AWS-01,31.72,27.32,59.13,91039.0,910.39
2026-09-24 06:21:22 UTC,AWS-01,31.55,27.04,58.55,91051.0,910.51
2026-09-24 06:21:24 UTC,AWS-01,31.60,27.09,58.43,91053.0,910.53
2026-09-24 06:21:26 UTC,AWS-01,31.51,27.14,58.62,91064.0,910.64
2026-09-24 06:21:28 UTC,AWS-01,31.75,27.39,58.95,91032.0,910.32
2026-09-24 06:21:30 UTC,AWS-01,31.78,27.13,58.64,91060.0,910.60
2026-09-24 06:21:32 UTC,AWS-01,31.68,27.26,59.06,91061.0,910.61
2026-09-24 06:21:34 UTC,AWS-01,31.82,27.35,59.15,91067.0,910.67
2026-09-24 06:21:36 UTC,AWS-01,31.61,27.11,58.45,91065.0,910.65
2026-09-24 06:21:38 UTC,AWS-01,31.67,27.26,58.79,91041.0,910.41
2026-09-24 06:21:40 UTC,AWS-01,31.77,27.23,58.74,91043.0,910.43
2026-09-24 06:21:42 UTC,AWS-01,31.69,27.22,58.82,91034.0,910.34
2026-09-24 06:21:44 UTC,AWS-01,31.61,27.09,59.01,91061.0,910.61
2026-09-24 06:21:46 UTC,AWS-01,31.59,26.97,59.04,91034.0,910.34
2026-09-24 06:21:48 UTC,AWS-01,31.52,27.09,59.24,91045.0,910.45
2026-09-24 06:21:50 UTC,AWS-01,31.75,27.28,58.93,91061.0,910.61
2026-09-24 06:21:52 UTC,AWS-01,31.53,27.17,59.24,91065.0,910.65
2026-09-24 06:21:54 UTC,AWS-01,31.40,26.98,59.28,91039.0,910.39
2026-09-24 06:21:56 UTC,AWS-01,31.73,27.17,59.06,91064.0,910.64
2026-09-24 06:21:58 UTC,AWS-01,31.49,27.10,59.21,91047.0,910.47
2026-09-24 06:22:00 UTC,AWS-01,31.62,27.18,58.95,91048.0,910.48
2026-09-24 06:22:02 UTC,AWS-01,31.58,26.95,58.99,91045.0,910.45
2026-09-24 06:22:04 UTC,AWS-01,31.41,26.80,59.26,91041.0,910.41
2026-09-24 06:22:06 UTC,AWS-01,31.54,27.09,58.89,91055.0,910.55
2026-09-24 06:22:08 UTC,AWS-01,31.62,27.25,59.11,91057.0,910.57
2026-09-24 06:22:10 UTC,AWS-01,31.73,27.18,59.12,91049.0,910.49
2026-09-24 06:22:12 UTC,AWS-01,31.56,27.19,58.87,91043.0,910.43
2026-09-24 06:22:14 UTC,AWS-01,31.48,27.11,59.40,91057.0,910.57
2026-09-24 06:22:16 UTC,AWS-01,31.67,27.31,58.86,91069.0,910.69
2026-09-24 06:22:18 UTC,AWS-01,31.71,27.31,58.72,91056.0,910.56
2026-09-24 06:22:20 UTC,AWS-01,31.47,27.12,58.90,91067.0,910.67
2026-09-24 06:22:22 UTC,AWS-01,31.50,26.98,58.73,101261.3,1012.62
2026-09-24 06:22:24 UTC,AWS-01,31.69,27.13,58.86,101238.9,1012.39
2026-09-24 06:22:26 UTC,AWS-01,31.53,26.97,58.94,101237.6,1012.38
2026-09-24 06:22:28 UTC,AWS-01,31.56,26.96,59.37,101248.3,1012.48
2026-09-24 06:22:30 UTC,AWS-01,31.43,26.83,59.01,101258.0,1012.58
2026-09-24 06:22:32 UTC,AWS-01,31.67,27.19,59.44,101251.2,1012.52
2026-09-24 06:22:34 UTC,AWS-01,31.67,27.21,59.25,101252.8,1012.52
2026-09-24 06:22:36 UTC,AWS-01,31.51,27.08,59.52,101261.4,1012.61
2026-09-24 06:22:38 UTC,AWS-01,31.64,27.08,59.59,101244.8,1012.44
2026-09-24 06:22:40 UTC,AWS-01,31.31,26.85,59.36,101258.5,1012.59
2026-09-24 06:22:42 UTC,AWS-01,31.64,27.24,59.40,101266.1,1012.66
2026-09-24 06:22:44 UTC,AWS-01,31.33,26.77,59.36,101248.9,1012.49
2026-09-24 06:22:46 UTC,AWS-01,31.54,27.01,59.24,101251.2,1012.52
2026-09-24 06:22:48 UTC,AWS-01,31.60,27.23,59.35,101247.9,1012.47
2026-09-24 06:22:50 UTC,AWS-01,31.39,27.00,59.10,101267.1,1012.68
2026-09-24 06:22:52 UTC,AWS-01,31.37,26.92,59.64,101253.8,1012.54
2026-09-24 06:22:54 UTC,AWS-01,31.45,26.84,59.59,101247.3,1012.48
2026-09-24 06:22:56 UTC,AWS-01,31.35,26.98,58.96,101249.2,1012.49
2026-09-24 06:22:58 UTC,AWS-01,31.51,26.89,59.40,101252.3,1012.52
2026-09-24 06:23:00 UTC,AWS-01,31.32,26.72,59.46,101269.4,1012.70
2026-09-24 06:23:02 UTC,AWS-01,31.58,27.05,59.38,101262.4,1012.62
2026-09-24 06:23:04 UTC,AWS-01,31.24,26.86,59.56,101271.2,1012.71
2026-09-24 06:23:06 UTC,AWS-01,31.25,26.88,59.33,101256.4,1012.57
2026-09-24 06:23:08 UTC,AWS-01,31.31,26.67,59.75,101256.5,1012.57
2026-09-24 06:23:10 UTC,AWS-01,31.38,26.94,59.25,101281.1,1012.82
2026-09-24 06:23:12 UTC,AWS-01,31.24,26.86,59.81,101264.5,1012.64
2026-09-24 06:23:14 UTC,AWS-01,31.20,26.59,59.53,101277.5,1012.78
2026-09-24 06:23:16 UTC,AWS-01,31.28,26.64,59.58,101270.8,1012.70
2026-09-24 06:23:18 UTC,AWS-01,31.34,26.71,59.28,101259.5,1012.60
2026-09-24 06:23:20 UTC,AWS-01,31.46,27.08,59.30,101271.4,1012.71
2026-09-24 06:23:22 UTC,AWS-01,31.32,26.88,59.91,101267.5,1012.67
2026-09-24 06:23:24 UTC,AWS-01,31.36,26.85,59.91,101269.5,1012.70
2026-09-24 06:23:26 UTC,AWS-01,31.16,26.69,59.23,101271.1,1012.71
2026-09-24 06:23:28 UTC,AWS-01,31.12,26.73,59.55,101283.1,1012.84
2026-09-24 06:23:30 UTC,AWS-01,31.23,26.69,59.32,101281.1,1012.82
2026-09-24 06:23:32 UTC,AWS-01,31.23,26.77,59.27,101275.3,1012.75
2026-09-24 06:23:34 UTC,AWS-01,31.44,26.91,59.40,101271.2,1012.72
2026-09-24 06:23:36 UTC,AWS-01,31.10,26.71,59.31,101278.3,1012.78
2026-09-24 06:23:38 UTC,AWS-01,31.15,26.79,59.75,101277.1,1012.77
2026-09-24 06:23:40 UTC,AWS-01,31.16,26.65,59.49,101289.8,1012.89
2026-09-24 06:23:42 UTC,AWS-01,31.44,26.87,59.81,101297.6,1012.97
2026-09-24 06:23:44 UTC,AWS-01,31.20,26.78,59.33,101273.3,1012.73
2026-09-24 06:23:46 UTC,AWS-01,31.25,26.71,60.07,101275.4,1012.76
2026-09-24 06:23:48 UTC,AWS-01,31.28,26.76,59.80,101294.8,1012.94
2026-09-24 06:23:50 UTC,AWS-01,31.38,26.82,59.53,101289.2,1012.89
2026-09-24 06:23:52 UTC,AWS-01,31.03,26.41,59.53,101302.8,1013.02
2026-09-24 06:23:54 UTC,AWS-01,31.37,26.96,59.92,101280.8,1012.81
2026-09-24 06:23:56 UTC,AWS-01,31.36,26.93,59.86,101298.4,1012.99
2026-09-24 06:23:58 UTC,AWS-01,31.02,26.60,60.17,101279.3,1012.80
2026-09-24 06:24:00 UTC,AWS-01,31.16,26.70,59.53,101293.2,1012.94
2026-09-24 06:24:02 UTC,AWS-01,31.30,26.71,59.50,101306.1,1013.06
2026-09-24 06:24:04 UTC,AWS-01,31.14,26.53,59.68,101305.4,1013.05
2026-09-24 06:24:06 UTC,AWS-01,31.02,26.40,59.51,101279.4,1012.80
2026-09-24 06:24:08 UTC,AWS-01,31.16,26.59,60.14,101308.6,1013.09
2026-09-24 06:24:10 UTC,AWS-01,31.30,26.80,59.98,101282.2,1012.82
2026-09-24 06:24:12 UTC,AWS-01,31.09,26.70,60.32,101292.0,1012.92
2026-09-24 06:24:14 UTC,AWS-01,31.13,26.74,60.11,101302.4,1013.02
2026-09-24 06:24:16 UTC,AWS-01,30.94,26.43,60.15,101295.4,1012.96
2026-09-24 06:24:18 UTC,AWS-01,31.08,26.44,59.97,101294.5,1012.94
2026-09-24 06:24:20 UTC,AWS-01,30.98,26.39,59.88,101296.6,1012.96
2026-09-24 06:24:22 UTC,AWS-01,31.14,26.70,60.37,101310.7,1013.11
2026-09-24 06:24:24 UTC,AWS-01,31.19,26.81,60.26,101308.1,1013.09
2026-09-24 06:24:26 UTC,AWS-01,30.97,26.39,59.88,101291.7,1012.92
2026-09-24 06:24:28 UTC,AWS-01,31.02,26.58,60.38,101292.4,1012.92
2026-09-24 06:24:30 UTC,AWS-01,31.15,26.66,60.01,101297.5,1012.97
2026-09-24 06:24:32 UTC,AWS-01,31.26,26.76,60.05,101304.6,1013.05
2026-09-24 06:24:34 UTC,AWS-01,31.00,26.63,60.25,101295.0,1012.94
2026-09-24 06:24:36 UTC,AWS-01,31.20,26.84,60.50,101298.7,1012.99
2026-09-24 06:24:38 UTC,AWS-01,30.88,26.48,60.31,101295.7,1012.95
2026-09-24 06:24:40 UTC,AWS-01,30.91,26.50,60.01,101322.3,1013.22
2026-09-24 06:24:42 UTC,AWS-01,31.13,26.65,60.42,101299.1,1012.99
2026-09-24 06:24:44 UTC,AWS-01,30.88,26.27,60.58,101310.9,1013.11
2026-09-24 06:24:46 UTC,AWS-01,31.03,26.68,59.95,101300.2,1013.01
2026-09-24 06:24:48 UTC,AWS-01,30.98,26.62,60.13,101301.7,1013.01
2026-09-24 06:24:50 UTC,AWS-01,30.87,26.35,59.99,101312.8,1013.12
2026-09-24 06:24:52 UTC,AWS-01,31.14,26.57,60.36,101325.6,1013.25
2026-09-24 06:24:54 UTC,AWS-01,30.98,26.42,60.31,101307.2,1013.08
2026-09-24 06:24:56 UTC,AWS-01,31.11,26.60,59.92,101331.1,1013.31
2026-09-24 06:24:58 UTC,AWS-01,30.96,26.32,60.13,101329.0,1013.29
2026-09-24 06:25:00 UTC,AWS-01,30.85,26.37,60.47,101322.7,1013.22
2026-09-24 06:25:02 UTC,AWS-01,31.13,26.56,60.04,101315.8,1013.16
2026-09-24 06:25:04 UTC,AWS-01,31.16,26.78,60.24,101313.1,1013.14
2026-09-24 06:25:06 UTC,AWS-01,31.03,26.44,60.75,101337.2,1013.38
2026-09-24 06:25:08 UTC,AWS-01,31.03,26.61,60.36,101335.4,1013.35
2026-09-24 06:25:10 UTC,AWS-01,30.94,26.40,60.50,101326.3,1013.27
2026-09-24 06:25:12 UTC,AWS-01,30.92,26.41,60.13,101330.4,1013.30
2026-09-24 06:25:14 UTC,AWS-01,31.09,26.74,60.55,101334.6,1013.34
2026-09-24 06:25:16 UTC,AWS-01,30.79,26.28,60.33,101339.9,1013.39
2026-09-24 06:25:18 UTC,AWS-01,30.86,26.47,60.35,101317.8,1013.18
2026-09-24 06:25:20 UTC,AWS-01,30.88,26.25,60.15,101334.2,1013.35
2026-09-24 06:25:22 UTC,AWS-01,30.77,26.42,60.19,101344.0,1013.44
2026-09-24 06:25:24 UTC,AWS-01,30.77,26.30,60.89,101334.9,1013.35
2026-09-24 06:25:26 UTC,AWS-01,30.83,26.37,60.86,101338.3,1013.39
2026-09-24 06:25:28 UTC,AWS-01,30.75,26.30,60.60,101345.2,1013.46
2026-09-24 06:25:30 UTC,AWS-01,30.73,26.13,60.91,101326.7,1013.27
2026-09-24 06:25:32 UTC,AWS-01,31.02,26.61,60.60,101333.6,1013.34
2026-09-24 06:25:34 UTC,AWS-01,30.93,26.36,60.60,101341.0,1013.41
2026-09-24 06:25:36 UTC,AWS-01,30.95,26.57,60.50,101329.3,1013.30
2026-09-24 06:25:38 UTC,AWS-01,30.99,26.58,60.79,101342.6,1013.43
2026-09-24 06:25:40 UTC,AWS-01,30.64,26.12,60.69,101335.1,1013.35
2026-09-24 06:25:42 UTC,AWS-01,30.77,26.38,60.60,101347.6,1013.47
2026-09-24 06:25:44 UTC,AWS-01,30.88,26.24,60.61,101338.8,1013.39
2026-09-24 06:25:46 UTC,AWS-01,30.76,26.18,60.40,101353.9,1013.54
2026-09-24 06:25:48 UTC,AWS-01,30.76,26.14,61.02,101342.9,1013.43
2026-09-24 06:25:50 UTC,AWS-01,30.79,26.26,60.70,101333.5,1013.33
2026-09-24 06:25:52 UTC,AWS-01,30.65,26.21,61.18,101340.9,1013.41
2026-09-24 06:25:54 UTC,AWS-01,30.79,26.18,60.90,101348.6,1013.49
2026-09-24 06:25:56 UTC,AWS-01,30.92,26.54,60.66,101336.8,1013.37
2026-09-24 06:25:58 UTC,AWS-01,30.93,26.29,60.76,101356.6,1013.56
2026-09-24 06:26:00 UTC,AWS-01,54.20,26.22,98.60,92540.0,925.40
2026-09-24 06:26:02 UTC,AWS-01,54.20,26.47,98.60,92540.0,925.40
2026-09-24 06:26:04 UTC,AWS-01,54.20,26.06,98.60,92540.0,925.40
2026-09-24 06:26:06 UTC,AWS-01,54.20,26.00,98.60,92540.0,925.40
2026-09-24 06:26:08 UTC,AWS-01,54.20,26.32,98.60,92540.0,925.40
2026-09-24 06:26:10 UTC,AWS-01,54.20,26.26,98.60,92540.0,925.40
2026-09-24 06:26:12 UTC,AWS-01,54.20,26.16,98.60,92540.0,925.40
2026-09-24 06:26:14 UTC,AWS-01,54.20,26.35,98.60,92540.0,925.40
2026-09-24 06:26:16 UTC,AWS-01,54.20,26.31,98.60,92540.0,925.40
2026-09-24 06:26:18 UTC,AWS-01,54.20,26.39,98.60,92540.0,925.40
2026-09-24 06:26:20 UTC,AWS-01,54.20,26.13,98.60,92540.0,925.40
2026-09-24 06:26:22 UTC,AWS-01,54.20,26.07,98.60,92540.0,925.40
2026-09-24 06:26:24 UTC,AWS-01,54.20,26.30,98.60,92540.0,925.40
2026-09-24 06:26:26 UTC,AWS-01,54.20,26.01,98.60,92540.0,925.40
2026-09-24 06:26:28 UTC,AWS-01,54.20,26.21,98.60,92540.0,925.40
2026-09-24 06:26:30 UTC,AWS-01,54.20,26.34,98.60,92540.0,925.40
2026-09-24 06:26:32 UTC,AWS-01,54.20,25.82,98.60,92540.0,925.40
2026-09-24 06:26:34 UTC,AWS-01,54.20,26.05,98.60,92540.0,925.40
2026-09-24 06:26:36 UTC,AWS-01,54.20,26.16,98.60,92540.0,925.40
2026-09-24 06:26:38 UTC,AWS-01,54.20,26.12,98.60,92540.0,925.40
2026-09-24 06:26:40 UTC,AWS-01,54.20,26.02,98.60,92540.0,925.40
2026-09-24 06:26:42 UTC,AWS-01,54.20,26.20,98.60,92540.0,925.40
2026-09-24 06:26:44 UTC,AWS-01,54.20,26.25,98.60,92540.0,925.40
2026-09-24 06:26:46 UTC,AWS-01,54.20,25.87,98.60,92540.0,925.40
2026-09-24 06:26:48 UTC,AWS-01,54.20,26.27,98.60,92540.0,925.40
2026-09-24 06:26:50 UTC,AWS-01,54.20,26.19,98.60,92540.0,925.40
2026-09-24 06:26:52 UTC,AWS-01,54.20,26.02,98.60,92540.0,925.40
2026-09-24 06:26:54 UTC,AWS-01,54.20,26.00,98.60,92540.0,925.40
2026-09-24 06:26:56 UTC,AWS-01,54.20,25.73,98.60,92540.0,925.40
2026-09-24 06:26:58 UTC,AWS-01,54.20,25.95,98.60,92540.0,925.40
2026-09-24 06:27:00 UTC,AWS-01,54.20,26.05,98.60,92540.0,925.40
2026-09-24 06:27:02 UTC,AWS-01,54.20,26.15,98.60,92540.0,925.40
2026-09-24 06:27:04 UTC,AWS-01,54.20,25.87,98.60,92540.0,925.40
2026-09-24 06:27:06 UTC,AWS-01,54.20,25.91,98.60,92540.0,925.40
2026-09-24 06:27:08 UTC,AWS-01,54.20,25.98,98.60,92540.0,925.40
2026-09-24 06:27:10 UTC,AWS-01,54.20,25.88,98.60,92540.0,925.40
2026-09-24 06:27:12 UTC,AWS-01,54.20,26.11,98.60,92540.0,925.40
2026-09-24 06:27:14 UTC,AWS-01,54.20,25.83,98.60,92540.0,925.40
2026-09-24 06:27:16 UTC,AWS-01,54.20,26.06,98.60,92540.0,925.40
2026-09-24 06:27:18 UTC,AWS-01,54.20,25.94,98.60,92540.0,925.40
2026-09-24 06:27:20 UTC,AWS-01,54.20,25.98,98.60,92540.0,925.40
2026-09-24 06:27:22 UTC,AWS-01,54.20,25.93,98.60,92540.0,925.40
2026-09-24 06:27:24 UTC,AWS-01,54.20,25.80,98.60,92540.0,925.40
2026-09-24 06:27:26 UTC,AWS-01,54.20,25.84,98.60,92540.0,925.40
2026-09-24 06:27:28 UTC,AWS-01,54.20,25.85,98.60,92540.0,925.40
2026-09-24 06:27:30 UTC,AWS-01,54.20,25.75,98.60,92540.0,925.40
2026-09-24 06:27:32 UTC,AWS-01,54.20,25.58,98.60,92540.0,925.40
2026-09-24 06:27:34 UTC,AWS-01,54.20,25.85,98.60,92540.0,925.40
2026-09-24 06:27:36 UTC,AWS-01,54.20,25.64,98.60,92540.0,925.40
2026-09-24 06:27:38 UTC,AWS-01,54.20,25.93,98.60,92540.0,925.40
2026-09-24 06:27:40 UTC,AWS-01,54.20,25.66,98.60,92540.0,925.40
2026-09-24 06:27:42 UTC,AWS-01,30.44,25.79,61.96,101400.2,1014.01
2026-09-24 06:27:44 UTC,AWS-01,30.28,25.82,62.14,101392.4,1013.93
2026-09-24 06:27:46 UTC,AWS-01,30.44,25.86,61.69,101381.3,1013.82
2026-09-24 06:27:48 UTC,AWS-01,30.10,25.69,62.24,101404.4,1014.04
2026-09-24 06:27:50 UTC,AWS-01,30.42,25.79,62.17,101381.7,1013.82
2026-09-24 06:27:52 UTC,AWS-01,30.24,25.66,61.97,101389.9,1013.90
2026-09-24 06:27:54 UTC,AWS-01,30.27,25.78,61.98,101385.7,1013.85
2026-09-24 06:27:56 UTC,AWS-01,30.22,25.62,62.12,101399.0,1013.98
2026-09-24 06:27:58 UTC,AWS-01,30.03,25.51,62.24,101404.6,1014.04
2026-09-24 06:28:00 UTC,AWS-01,30.08,25.49,61.87,101404.0,1014.04
2026-09-24 06:28:02 UTC,AWS-01,30.36,25.99,62.40,101402.4,1014.02
2026-09-24 06:28:04 UTC,AWS-01,30.23,25.80,62.48,101400.8,1014.01
2026-09-24 06:28:06 UTC,AWS-01,30.15,25.50,62.12,101411.3,1014.12
2026-09-24 06:28:08 UTC,AWS-01,30.23,25.66,62.49,101393.4,1013.93
2026-09-24 06:28:10 UTC,AWS-01,30.00,25.58,62.51,101399.2,1013.99
2026-09-24 06:28:12 UTC,AWS-01,29.95,25.53,62.40,101407.1,1014.08
2026-09-24 06:28:14 UTC,AWS-01,30.23,25.74,62.51,101416.3,1014.16
2026-09-24 06:28:16 UTC,AWS-01,30.04,25.56,62.52,101394.4,1013.95
2026-09-24 06:28:18 UTC,AWS-01,30.28,25.78,62.33,101401.0,1014.02
2026-09-24 06:28:20 UTC,AWS-01,30.12,25.70,62.69,101413.0,1014.12
2026-09-24 06:28:22 UTC,AWS-01,29.92,25.48,62.27,101401.3,1014.02
2026-09-24 06:28:24 UTC,AWS-01,30.05,25.60,62.07,101412.2,1014.13
2026-09-24 06:28:26 UTC,AWS-01,29.95,25.53,62.39,101411.9,1014.11
2026-09-24 06:28:28 UTC,AWS-01,30.09,25.51,62.54,101408.4,1014.08
2026-09-24 06:28:30 UTC,AWS-01,30.22,25.63,62.64,101417.9,1014.17
2026-09-24 06:28:32 UTC,AWS-01,29.96,25.34,62.58,101403.7,1014.04
2026-09-24 06:28:34 UTC,AWS-01,29.89,25.32,62.47,101408.6,1014.09
2026-09-24 06:28:36 UTC,AWS-01,29.89,25.44,62.72,101424.7,1014.25
2026-09-24 06:28:38 UTC,AWS-01,29.89,25.39,62.44,101416.8,1014.16
2026-09-24 06:28:40 UTC,AWS-01,29.97,25.53,62.89,101424.2,1014.24
2026-09-24 06:28:42 UTC,AWS-01,29.87,25.48,62.57,101430.4,1014.31
2026-09-24 06:28:44 UTC,AWS-01,29.85,25.37,62.99,101416.4,1014.17
2026-09-24 06:28:46 UTC,AWS-01,29.89,25.44,62.94,101415.5,1014.16
2026-09-24 06:28:48 UTC,AWS-01,29.76,25.18,62.65,101418.9,1014.19
2026-09-24 06:28:50 UTC,AWS-01,30.01,25.62,62.45,101431.3,1014.32
2026-09-24 06:28:52 UTC,AWS-01,29.90,25.52,62.94,101411.6,1014.12
2026-09-24 06:28:54 UTC,AWS-01,29.87,25.31,63.03,101431.5,1014.31
2026-09-24 06:28:56 UTC,AWS-01,29.97,25.42,62.75,101434.2,1014.34
2026-09-24 06:28:58 UTC,AWS-01,29.71,25.13,62.93,101425.9,1014.26
2026-09-24 06:29:00 UTC,AWS-01,29.99,25.47,62.55,101417.6,1014.17
2026-09-24 06:29:02 UTC,AWS-01,30.07,25.71,62.65,101434.1,1014.34
2026-09-24 06:29:04 UTC,AWS-01,30.01,25.36,62.56,101433.0,1014.32
2026-09-24 06:29:06 UTC,AWS-01,29.95,25.40,63.20,101421.1,1014.22
2026-09-24 06:29:08 UTC,AWS-01,29.70,25.08,62.68,101418.4,1014.19
2026-09-24 06:29:10 UTC,AWS-01,29.96,25.51,62.83,101429.7,1014.30
2026-09-24 06:29:12 UTC,AWS-01,29.65,25.02,62.81,101412.5,1014.13
2026-09-24 06:29:14 UTC,AWS-01,29.91,25.52,63.35,101435.9,1014.35
2026-09-24 06:29:16 UTC,AWS-01,29.92,25.27,63.17,101436.2,1014.37
2026-09-24 06:29:18 UTC,AWS-01,29.67,25.27,63.32,101422.8,1014.22
2026-09-24 06:29:20 UTC,AWS-01,29.86,25.32,63.21,101422.2,1014.23
2026-09-24 06:29:22 UTC,AWS-01,29.81,25.35,62.90,101443.9,1014.43
2026-09-24 06:29:24 UTC,AWS-01,29.96,25.54,63.46,101429.1,1014.30
2026-09-24 06:29:26 UTC,AWS-01,29.62,25.20,63.49,101429.0,1014.29
2026-09-24 06:29:28 UTC,AWS-01,29.87,25.34,62.84,101444.7,1014.44
2026-09-24 06:29:30 UTC,AWS-01,29.63,25.07,63.28,101437.4,1014.37
2026-09-24 06:29:32 UTC,AWS-01,29.57,25.03,63.33,101432.2,1014.32
2026-09-24 06:29:34 UTC,AWS-01,29.88,25.39,63.47,101438.7,1014.39
2026-09-24 06:29:36 UTC,AWS-01,29.68,25.32,63.27,101425.1,1014.25
2026-09-24 06:29:38 UTC,AWS-01,29.60,25.20,63.13,101427.6,1014.28
2026-09-24 06:29:40 UTC,AWS-01,29.71,25.35,63.56,101447.6,1014.47
2026-09-24 06:29:42 UTC,AWS-01,29.56,25.12,63.62,101424.4,1014.24
2026-09-24 06:29:44 UTC,AWS-01,29.85,25.34,63.40,101446.0,1014.46
2026-09-24 06:29:46 UTC,AWS-01,29.82,25.45,63.26,101436.8,1014.36
2026-09-24 06:29:48 UTC,AWS-01,29.68,25.26,63.22,101448.3,1014.48
2026-09-24 06:29:50 UTC,AWS-01,29.73,25.32,63.37,101447.1,1014.47
2026-09-24 06:29:52 UTC,AWS-01,29.68,25.19,63.62,101449.7,1014.49
2026-09-24 06:29:54 UTC,AWS-01,29.75,25.28,63.81,101431.3,1014.31
2026-09-24 06:29:56 UTC,AWS-01,29.69,25.08,63.43,101434.4,1014.35
2026-09-24 06:29:58 UTC,AWS-01,29.44,25.04,63.82,101427.8,1014.28
2026-09-24 06:30:00 UTC,AWS-01,29.49,24.92,63.39,101441.1,1014.41
2026-09-24 06:30:02 UTC,AWS-01,29.72,25.36,63.91,101434.7,1014.35
2026-09-24 06:30:04 UTC,AWS-01,29.49,24.98,63.70,101443.8,1014.44
2026-09-24 06:30:06 UTC,AWS-01,29.64,25.10,63.95,101431.3,1014.31
2026-09-24 06:30:08 UTC,AWS-01,29.69,25.18,63.32,101455.3,1014.55
2026-09-24 06:30:10 UTC,AWS-01,29.55,25.11,63.95,101456.0,1014.57
2026-09-24 06:30:12 UTC,AWS-01,29.51,24.94,63.27,101447.9,1014.47
2026-09-24 06:30:14 UTC,AWS-01,29.34,24.87,63.72,101447.2,1014.47
2026-09-24 06:30:16 UTC,AWS-01,29.65,25.06,63.61,101443.7,1014.43
2026-09-24 06:30:18 UTC,AWS-01,29.58,24.96,63.39,101456.1,1014.57
2026-09-24 06:30:20 UTC,AWS-01,29.32,24.72,63.61,101456.5,1014.57
2026-09-24 06:30:22 UTC,AWS-01,29.29,24.74,64.00,101438.0,1014.38
2026-09-24 06:30:24 UTC,AWS-01,29.55,25.09,64.02,101437.4,1014.37
2026-09-24 06:30:26 UTC,AWS-01,29.58,25.17,63.60,101443.2,1014.43
2026-09-24 06:30:28 UTC,AWS-01,29.55,25.16,64.09,101452.6,1014.52
2026-09-24 06:30:30 UTC,AWS-01,29.43,24.96,63.52,101435.3,1014.35
2026-09-24 06:30:32 UTC,AWS-01,29.40,24.92,63.60,101447.3,1014.47
2026-09-24 06:30:34 UTC,AWS-01,29.30,24.89,64.29,101465.4,1014.65
2026-09-24 06:30:36 UTC,AWS-01,29.42,25.00,64.20,101436.2,1014.36
2026-09-24 06:30:38 UTC,AWS-01,29.33,24.90,64.22,101453.9,1014.54
2026-09-24 06:30:40 UTC,AWS-01,48.60,25.18,64.17,101446.8,1014.46
2026-09-24 06:30:42 UTC,AWS-01,27.20,24.87,64.09,101436.0,1014.37
2026-09-24 06:30:44 UTC,AWS-01,48.60,25.08,64.26,101452.1,1014.53
2026-09-24 06:30:46 UTC,AWS-01,27.20,24.91,64.27,101456.8,1014.57
2026-09-24 06:30:48 UTC,AWS-01,48.60,24.69,64.18,101447.0,1014.46
2026-09-24 06:30:50 UTC,AWS-01,27.20,24.86,63.77,101453.4,1014.53
2026-09-24 06:30:52 UTC,AWS-01,48.60,24.94,64.44,101467.1,1014.67
2026-09-24 06:30:54 UTC,AWS-01,27.20,24.75,63.91,101441.4,1014.42
2026-09-24 06:30:56 UTC,AWS-01,48.60,25.02,63.84,101460.5,1014.61
2026-09-24 06:30:58 UTC,AWS-01,27.20,24.89,64.03,101451.5,1014.51
2026-09-24 06:31:00 UTC,AWS-01,48.60,24.51,64.51,101466.8,1014.66
2026-09-24 06:31:02 UTC,AWS-01,27.20,24.66,64.57,101444.1,1014.45
2026-09-24 06:31:04 UTC,AWS-01,48.60,24.98,63.91,101459.4,1014.59
2026-09-24 06:31:06 UTC,AWS-01,27.20,24.60,64.43,101469.0,1014.68
2026-09-24 06:31:08 UTC,AWS-01,48.60,24.77,64.57,101445.1,1014.46
2026-09-24 06:31:10 UTC,AWS-01,27.20,24.78,64.17,101458.2,1014.58
2026-09-24 06:31:12 UTC,AWS-01,48.60,24.74,64.27,101471.1,1014.72
2026-09-24 06:31:14 UTC,AWS-01,27.20,24.47,64.36,101470.0,1014.69
2026-09-24 06:31:16 UTC,AWS-01,48.60,24.92,64.18,101454.6,1014.55
2026-09-24 06:31:18 UTC,AWS-01,27.20,24.82,64.80,101469.9,1014.70
2026-09-24 06:31:20 UTC,AWS-01,48.60,24.39,64.38,101450.3,1014.50
2026-09-24 06:31:22 UTC,AWS-01,27.20,24.35,64.69,101456.5,1014.57
2026-09-24 06:31:24 UTC,AWS-01,48.60,24.44,64.56,101465.3,1014.66
2026-09-24 06:31:26 UTC,AWS-01,27.20,24.53,64.48,101471.5,1014.72
2026-09-24 06:31:28 UTC,AWS-01,48.60,24.50,64.57,101446.1,1014.46
2026-09-24 06:31:30 UTC,AWS-01,27.20,24.75,64.77,101475.8,1014.76
2026-09-24 06:31:32 UTC,AWS-01,48.60,24.55,64.37,101462.4,1014.62
2026-09-24 06:31:34 UTC,AWS-01,27.20,24.40,64.61,101463.2,1014.64
2026-09-24 06:31:36 UTC,AWS-01,48.60,24.63,64.92,101462.5,1014.63
2026-09-24 06:31:38 UTC,AWS-01,27.20,24.57,64.86,101452.3,1014.53
2026-09-24 06:31:40 UTC,AWS-01,48.60,24.62,65.08,101469.5,1014.70
2026-09-24 06:31:42 UTC,AWS-01,27.20,24.72,64.44,101476.2,1014.77
2026-09-24 06:31:44 UTC,AWS-01,48.60,24.72,65.10,101450.3,1014.51
2026-09-24 06:31:46 UTC,AWS-01,27.20,24.52,64.68,101460.0,1014.60
2026-09-24 06:31:48 UTC,AWS-01,48.60,24.70,65.02,101450.8,1014.51
2026-09-24 06:31:50 UTC,AWS-01,27.20,24.79,65.25,101466.0,1014.65
2026-09-24 06:31:52 UTC,AWS-01,48.60,24.53,65.28,101456.0,1014.55
2026-09-24 06:31:54 UTC,AWS-01,27.20,24.55,65.12,101457.7,1014.57
2026-09-24 06:31:56 UTC,AWS-01,48.60,24.51,64.92,101456.6,1014.57
2026-09-24 06:31:58 UTC,AWS-01,27.20,24.58,65.00,101477.8,1014.78
2026-09-24 06:32:00 UTC,AWS-01,48.60,24.23,65.03,101455.0,1014.55
2026-09-24 06:32:02 UTC,AWS-01,28.84,24.29,65.33,101459.3,1014.59
2026-09-24 06:32:04 UTC,AWS-01,29.03,24.66,65.17,101474.5,1014.74
2026-09-24 06:32:06 UTC,AWS-01,28.93,24.49,64.76,101456.8,1014.57
2026-09-24 06:32:08 UTC,AWS-01,28.71,24.17,65.32,101458.2,1014.58
2026-09-24 06:32:10 UTC,AWS-01,28.82,24.36,65.22,101471.7,1014.72
2026-09-24 06:32:12 UTC,AWS-01,29.04,24.43,65.30,101461.8,1014.62
2026-09-24 06:32:14 UTC,AWS-01,28.98,24.48,64.94,101468.2,1014.69
2026-09-24 06:32:16 UTC,AWS-01,29.01,24.38,65.56,101480.4,1014.81
2026-09-24 06:32:18 UTC,AWS-01,29.02,24.56,65.16,101470.2,1014.70
2026-09-24 06:32:20 UTC,AWS-01,28.76,24.39,65.06,101452.9,1014.53
2026-09-24 06:32:22 UTC,AWS-01,28.90,24.29,65.30,101454.5,1014.54
2026-09-24 06:32:24 UTC,AWS-01,28.91,24.55,65.62,101476.4,1014.77
2026-09-24 06:32:26 UTC,AWS-01,28.82,24.37,65.26,101460.9,1014.60
2026-09-24 06:32:28 UTC,AWS-01,28.88,24.50,64.97,101468.7,1014.68
2026-09-24 06:32:30 UTC,AWS-01,28.73,24.38,65.60,101481.9,1014.81
2026-09-24 06:32:32 UTC,AWS-01,28.63,24.26,65.24,101468.4,1014.68
2026-09-24 06:32:34 UTC,AWS-01,28.72,24.25,65.25,101467.5,1014.68
2026-09-24 06:32:36 UTC,AWS-01,28.92,24.50,65.69,101455.4,1014.55
2026-09-24 06:32:38 UTC,AWS-01,28.69,24.05,65.46,101478.4,1014.78
2026-09-24 06:32:40 UTC,AWS-01,28.89,24.37,65.36,101472.4,1014.72
2026-09-24 06:32:42 UTC,AWS-01,28.68,24.08,65.84,101457.6,1014.58
2026-09-24 06:32:44 UTC,AWS-01,28.73,24.20,65.68,101463.5,1014.64
2026-09-24 06:32:46 UTC,AWS-01,28.87,24.26,65.97,101473.4,1014.74
2026-09-24 06:32:48 UTC,AWS-01,28.83,24.44,65.28,101466.8,1014.67
2026-09-24 06:32:50 UTC,AWS-01,28.69,24.15,65.88,101472.9,1014.72
2026-09-24 06:32:52 UTC,AWS-01,28.61,24.03,65.43,101479.9,1014.79
2026-09-24 06:32:54 UTC,AWS-01,28.84,24.32,65.66,101467.6,1014.68
2026-09-24 06:32:56 UTC,AWS-01,28.50,24.02,65.63,101478.8,1014.79
2026-09-24 06:32:58 UTC,AWS-01,28.43,24.08,65.90,101480.8,1014.81
2026-09-24 06:33:00 UTC,AWS-01,28.47,24.02,65.83,101473.1,1014.74
2026-09-24 06:33:02 UTC,AWS-01,28.42,23.84,65.91,101462.2,1014.62
2026-09-24 06:33:04 UTC,AWS-01,28.66,24.02,66.19,101483.2,1014.83
2026-09-24 06:33:06 UTC,AWS-01,28.48,24.08,66.22,101475.3,1014.76
2026-09-24 06:33:08 UTC,AWS-01,28.47,23.98,65.99,101474.3,1014.74
2026-09-24 06:33:10 UTC,AWS-01,28.39,23.88,65.70,101480.5,1014.81
2026-09-24 06:33:12 UTC,AWS-01,28.47,24.06,65.76,101457.6,1014.57
2026-09-24 06:33:14 UTC,AWS-01,28.60,24.21,66.03,101482.0,1014.81
2026-09-24 06:33:16 UTC,AWS-01,28.62,24.04,65.94,101478.1,1014.78
2026-09-24 06:33:18 UTC,AWS-01,28.45,23.89,66.21,101461.0,1014.62
